464dd5,127.0.0.1,GET,http://localhost/papsprojet/web/app_dev.php/allPapser,1534508603,013f0b,200
013f0b,127.0.0.1,GET,http://localhost/papsprojet/web/app_dev.php/allPapser,1534508603,,404
b3ac5d,127.0.0.1,GET,http://localhost/papsprojet/web/app_dev.php/allPapser,1534508974,c9fdcf,200
c9fdcf,127.0.0.1,GET,http://localhost/papsprojet/web/app_dev.php/allPapser,1534508974,,404
d26fd1,127.0.0.1,GET,http://localhost/papsprojet/web/app_dev.php/allPapser,1534509234,5d5ef0,200
5d5ef0,127.0.0.1,GET,http://localhost/papsprojet/web/app_dev.php/allPapser,1534509234,,500
4e6a7b,127.0.0.1,GET,http://localhost/papsprojet/web/app_dev.php/allPapser,1534509497,1f0567,200
1f0567,127.0.0.1,GET,http://localhost/papsprojet/web/app_dev.php/allPapser,1534509497,,500
c9ecbd,127.0.0.1,GET,http://localhost/papsprojet/web/app_dev.php/allPapser,1534509680,69a42f,200
69a42f,127.0.0.1,GET,http://localhost/papsprojet/web/app_dev.php/allPapser,1534509680,,500
63b0b7,127.0.0.1,GET,http://localhost/papsprojet/web/app_dev.php/allPapser,1534509939,28d561,200
28d561,127.0.0.1,GET,http://localhost/papsprojet/web/app_dev.php/allPapser,1534509939,,500
7390b5,127.0.0.1,GET,http://localhost/papsprojet/web/app_dev.php/allPapser,1534509985,,200
5d9ca7,127.0.0.1,GET,http://localhost/papsprojet/web/app_dev.php/allContact,1534510464,,200
3afa32,127.0.0.1,GET,http://localhost/papsprojet/web/app_dev.php/deleteContact/16,1534510985,ff7760,200
ff7760,127.0.0.1,DELETE,http://localhost/papsprojet/web/app_dev.php/deleteContact/16,1534510985,,404
0606b2,127.0.0.1,DELETE,http://localhost/papsprojet/web/app_dev.php/deleteContact/16,1534511133,,200
de7c36,127.0.0.1,GET,http://localhost/papsprojet/web/app_dev.php/allContact,1534518235,,200
08643c,127.0.0.1,GET,http://localhost/papsprojet/web/app_dev.php/allPapser,1534518252,,200
b54210,127.0.0.1,GET,http://localhost/papsprojet/web/app_dev.php/api/v1/contact?delete=1,1534518854,4e9b54,200
4e9b54,127.0.0.1,GET,http://localhost/papsprojet/web/app_dev.php/api/v1/contact?delete=1,1534518854,,404
a96805,127.0.0.1,GET,http://localhost/papsprojet/web/app_dev.php/api/v1/contact?delete%2F1,1534519014,29f366,200
29f366,127.0.0.1,GET,http://localhost/papsprojet/web/app_dev.php/api/v1/contact?delete%2F1,1534519014,,404
02d1b9,127.0.0.1,GET,http://localhost/papsprojet/web/app_dev.php/api/v1/contactdelete/1,1534519030,2539eb,200
2539eb,127.0.0.1,GET,http://localhost/papsprojet/web/app_dev.php/api/v1/contactdelete/1,1534519030,,404
ed441a,127.0.0.1,GET,http://localhost/papsprojet/web/app_dev.php/api/v1/contact?delete%2F1,1534519043,8923f2,200
8923f2,127.0.0.1,GET,http://localhost/papsprojet/web/app_dev.php/api/v1/contact?delete%2F1,1534519043,,404
cb6c14,127.0.0.1,GET,http://localhost/papsprojet/web/app_dev.php/api/v1/contact/delete/1,1534519059,da2a4c,200
da2a4c,127.0.0.1,GET,http://localhost/papsprojet/web/app_dev.php/api/v1/contact/delete/1,1534519059,,404
50f55d,127.0.0.1,GET,http://localhost/papsprojet/web/app_dev.php/api/v1/contact/delete/1,1534519082,95490f,200
95490f,127.0.0.1,DELETE,http://localhost/papsprojet/web/app_dev.php/api/v1/contact/delete/1,1534519082,,404
fece44,127.0.0.1,DELETE,http://localhost/papsprojet/web/app_dev.php/api/v1/deleteContact/1,1534519163,,200
609b0b,127.0.0.1,GET,http://localhost/papsprojet/web/app_dev.php/api/v1/papsers,1534519245,,200
86cdd4,127.0.0.1,GET,http://localhost/papsprojet/web/app_dev.php/service,1534521268,,200
7706dd,127.0.0.1,GET,http://localhost/papsprojet/web/app_dev.php/inscoursier,1534521272,,200
04c4cc,127.0.0.1,GET,http://localhost/papsprojet/web/app_dev.php/about,1534521275,,200
19c0d7,127.0.0.1,GET,http://localhost/papsprojet/web/app_dev.php/contact,1534521281,,200
d2b418,127.0.0.1,GET,http://localhost/papsprojet/web/app_dev.php/accueil,1534521413,,200
af484a,127.0.0.1,GET,http://localhost/papsprojet/web/app_dev.php/inscoursier,1534521551,,200
50d357,127.0.0.1,GET,http://localhost/papsprojet/web/app_dev.php/accueil,1534521579,,200
df5aa4,127.0.0.1,GET,http://localhost/papsprojet/web/app_dev.php/service,1534521686,,200
4cfd58,127.0.0.1,GET,http://localhost/papsprojet/web/app_dev.php/inscoursier,1534521701,,200
81b113,127.0.0.1,GET,http://localhost/papsprojet/web/app_dev.php/about,1534521704,,200
c8e4be,127.0.0.1,GET,http://localhost/papsprojet/web/app_dev.php/contact,1534521709,,200
de6dcd,127.0.0.1,GET,http://localhost/papsprojet/web/app_dev.php/accueil,1534521743,,200
ac504d,127.0.0.1,GET,http://localhost/papsprojet/web/app_dev.php/service,1534522297,,200
cce072,127.0.0.1,GET,http://localhost/papsprojet/web/app_dev.php/accueil,1534522604,,200
b97283,127.0.0.1,GET,http://localhost/papsprojet/web/app_dev.php/service,1534522620,,200
e2cb9d,127.0.0.1,GET,http://localhost/papsprojet/web/app_dev.php/accueil,1534522668,,200
e8a8f4,127.0.0.1,GET,http://localhost/papsprojet/web/app_dev.php/service,1534522831,,200
1c3fbf,127.0.0.1,GET,http://localhost/papsprojet/web/app_dev.php/inscoursier,1534523284,,200
3c0698,127.0.0.1,GET,http://localhost/papsprojet/web/app_dev.php/about,1534524515,,200
d93ea3,127.0.0.1,GET,http://localhost/papsprojet/web/app_dev.php/contact,1534524534,,200
2b6a02,127.0.0.1,GET,http://localhost/papsprojet/web/app_dev.php/accueil,1534529632,,200
bf37eb,127.0.0.1,GET,http://localhost/papsprojet/web/app_dev.php/login,1534755198,5fc859,200
5fc859,127.0.0.1,GET,http://localhost/papsprojet/web/app_dev.php/login,1534755198,,404
f9d159,127.0.0.1,GET,http://localhost/papsprojet/web/app_dev.php/accueil,1534755206,,200
7c27fa,127.0.0.1,GET,http://localhost/papsprojet/web/app_dev.php/accueil,1534756785,,200
d2a62c,127.0.0.1,GET,http://localhost/papsprojet/web/app_dev.php/contact,1534774793,,200
3185a2,127.0.0.1,GET,http://localhost/papsprojet/web/app_dev.php/contact,1534774990,,200
7274b8,127.0.0.1,GET,http://localhost/papsprojet/web/app_dev.php/contact,1534774993,,200
09d545,127.0.0.1,GET,http://localhost/papsprojet/web/app_dev.php/contact,1534775266,,200
f2cab9,127.0.0.1,GET,http://localhost/papsprojet/web/app_dev.php/contact,1534775345,,200
7cc780,127.0.0.1,GET,http://localhost/papsprojet/web/app_dev.php/contact,1534775397,,200
99749d,127.0.0.1,GET,http://localhost/papsprojet/web/app_dev.php/contact,1534775442,,200
e6eda5,127.0.0.1,GET,http://localhost/papsprojet/web/app_dev.php/contact,1534775455,,200
911132,127.0.0.1,GET,http://localhost/papsprojet/web/app_dev.php/contact,1534775553,,200
6c8dd2,127.0.0.1,GET,http://localhost/papsprojet/web/app_dev.php/contact,1534775585,,200
7b0032,127.0.0.1,GET,http://localhost/papsprojet/web/app_dev.php/inscoursier,1534776165,,200
0a6f95,127.0.0.1,GET,http://localhost/papsprojet/web/app_dev.php/inscoursier,1534776194,,200
332e53,127.0.0.1,GET,http://localhost/papsprojet/web/app_dev.php/inscoursier,1534776565,,200
439423,127.0.0.1,GET,http://localhost/papsprojet/web/app_dev.php/inscoursier,1534776584,,200
5d9510,127.0.0.1,GET,http://localhost/papsprojet/web/app_dev.php/inscoursier,1534776760,,200
e97582,127.0.0.1,GET,http://localhost/papsprojet/web/app_dev.php/inscoursier,1534776779,,200
279cfc,127.0.0.1,GET,http://localhost/papsprojet/web/app_dev.php/inscoursier,1534776943,,200
a9629c,127.0.0.1,GET,http://localhost/papsprojet/web/app_dev.php/inscoursier,1534777023,,200
c4391b,127.0.0.1,GET,http://localhost/papsprojet/web/app_dev.php/inscoursier,1534777047,,200
ee1f07,127.0.0.1,GET,http://localhost/papsprojet/web/app_dev.php/inscoursier,1534777172,,200
193114,127.0.0.1,GET,http://localhost/papsprojet/web/app_dev.php/inscoursier,1534777189,,200
fbd393,127.0.0.1,GET,http://localhost/papsprojet/web/app_dev.php/contact,1534777333,9bfd55,200
9bfd55,127.0.0.1,GET,http://localhost/papsprojet/web/app_dev.php/contact,1534777333,,500
eec41f,127.0.0.1,GET,http://localhost/papsprojet/web/app_dev.php/contact,1534777367,,200
459b6f,127.0.0.1,GET,http://localhost/papsprojet/web/app_dev.php/contact,1534777411,,200
b47d19,127.0.0.1,GET,http://localhost/papsprojet/web/app_dev.php/contact,1534777476,,200
a707e8,127.0.0.1,GET,http://localhost/papsprojet/web/app_dev.php/contact,1534777506,,200
103c26,127.0.0.1,GET,http://localhost/papsprojet/web/app_dev.php/contact,1534777957,,200
52ec61,127.0.0.1,GET,http://localhost/papsprojet/web/app_dev.php/accueil,1534779850,,200
a23b5a,127.0.0.1,GET,http://localhost/papsprojet/web/app_dev.php/service,1534783444,,200
9f54c1,127.0.0.1,GET,http://localhost/papsprojet/web/app_dev.php/accueil,1534783461,,200
f618f5,127.0.0.1,GET,http://localhost/papsprojet/web/app_dev.php/service,1534784227,,200
5e1989,127.0.0.1,GET,http://localhost/papsprojet/web/app_dev.php/about,1534784246,,200
f495c9,127.0.0.1,GET,http://localhost/papsprojet/web/app_dev.php/inscoursier,1534784278,,200
48fbb8,127.0.0.1,GET,http://localhost/papsprojet/web/app_dev.php/contact,1534784304,,200
f5572a,127.0.0.1,GET,http://localhost/papsprojet/web/app_dev.php/accueil,1534784329,,200
1f5114,127.0.0.1,GET,http://localhost/papsprojet/web/app_dev.php/accueil,1534785418,,200
8a3022,127.0.0.1,GET,http://localhost/papsprojet/web/app_dev.php/inscoursier,1534785517,,200
36dcd1,127.0.0.1,GET,http://localhost/papsprojet/web/app_dev.php/service,1534785628,,200
6809f5,127.0.0.1,GET,http://localhost/papsprojet/web/app_dev.php/contact,1534785661,,200
bdb00c,127.0.0.1,GET,http://localhost/papsprojet/web/app_dev.php/about,1534785689,,200
8fd35d,127.0.0.1,GET,http://localhost/papsprojet/web/app_dev.php/accueil,1534785966,,200
fc69b6,127.0.0.1,GET,http://localhost/papsprojet/web/app_dev.php/service,1534786851,,200
de2dcb,127.0.0.1,GET,http://localhost/papsprojet/web/app_dev.php/inscoursier,1534786862,,200
0923aa,127.0.0.1,GET,http://localhost/papsprojet/web/app_dev.php/about,1534786887,,200
027abd,127.0.0.1,GET,http://localhost/papsprojet/web/app_dev.php/contact,1534786907,,200
790f59,127.0.0.1,GET,http://localhost/papsprojet/web/app_dev.php/inscoursier,1534786914,,200
901edc,127.0.0.1,GET,http://localhost/papsprojet/web/app_dev.php/contact,1534786935,,200
89cfa6,127.0.0.1,GET,http://localhost/papsprojet/web/app_dev.php/accueil,1534787839,,200
e163e5,127.0.0.1,GET,http://localhost/papsprojet/web/app_dev.php/service,1534841676,,200
ab3199,127.0.0.1,GET,http://localhost/papsprojet/web/app_dev.php/inscoursier,1534842148,,200
744b05,127.0.0.1,GET,http://localhost/papsprojet/web/app_dev.php/service,1534842186,,200
2a1035,127.0.0.1,GET,http://localhost/papsprojet/web/app_dev.php/service,1534842241,,200
0d0c3c,127.0.0.1,GET,http://localhost/papsprojet/web/app_dev.php/service,1534842527,,200
7afe34,127.0.0.1,GET,http://localhost/papsprojet/web/app_dev.php/service,1534842664,,200
fbe10a,127.0.0.1,GET,http://localhost/papsprojet/web/app_dev.php/service,1534842707,,200
aecf0a,127.0.0.1,GET,http://localhost/papsprojet/web/app_dev.php/service,1534843155,,200
35a68d,127.0.0.1,GET,http://localhost/papsprojet/web/app_dev.php/service,1534843732,,200
506614,127.0.0.1,GET,http://localhost/papsprojet/web/app_dev.php/service,1534844847,,200
3d1af8,127.0.0.1,GET,http://localhost/papsprojet/web/app_dev.php/service,1534845017,,200
98c6c3,127.0.0.1,GET,http://localhost/papsprojet/web/app_dev.php/service,1534845297,,200
b0ab7e,127.0.0.1,GET,http://localhost/papsprojet/web/app_dev.php/service,1534845348,,200
06bab2,127.0.0.1,GET,http://localhost/papsprojet/web/app_dev.php/accueil,1534845366,,200
279a65,127.0.0.1,GET,http://localhost/papsprojet/web/app_dev.php/service,1534845381,,200
c2d6ea,127.0.0.1,GET,http://localhost/papsprojet/web/app_dev.php/service,1534845578,,200
63558f,127.0.0.1,GET,http://localhost/papsprojet/web/app_dev.php/service,1534846946,,200
2b7384,127.0.0.1,GET,http://localhost/papsprojet/web/app_dev.php/inscoursier,1534846956,,200
58509f,127.0.0.1,GET,http://localhost/papsprojet/web/app_dev.php/inscoursier,1534847160,,200
dafe4f,127.0.0.1,GET,http://localhost/papsprojet/web/app_dev.php/inscoursier,1534847177,,200
107176,127.0.0.1,GET,http://localhost/papsprojet/web/app_dev.php/inscoursier,1534847189,,200
129e21,127.0.0.1,GET,http://localhost/papsprojet/web/app_dev.php/inscoursier,1534847251,,200
5c534c,127.0.0.1,GET,http://localhost/papsprojet/web/app_dev.php/inscoursier,1534847320,,200
7c80f1,127.0.0.1,GET,http://localhost/papsprojet/web/app_dev.php/inscoursier,1534847645,,200
76d5c0,127.0.0.1,GET,http://localhost/papsprojet/web/app_dev.php/inscoursier,1534847685,,200
328220,127.0.0.1,GET,http://localhost/papsprojet/web/app_dev.php/inscoursier,1534847839,,200
2d76a2,127.0.0.1,GET,http://localhost/papsprojet/web/app_dev.php/accueil,1534847970,,200
997baa,127.0.0.1,GET,http://localhost/papsprojet/web/app_dev.php/about,1534848018,,200
280674,127.0.0.1,GET,http://localhost/papsprojet/web/app_dev.php/contact,1534848027,,200
4c1fff,127.0.0.1,GET,http://localhost/papsprojet/web/app_dev.php/inscoursier,1534848037,,200
ff0cee,127.0.0.1,GET,http://localhost/papsprojet/web/app_dev.php/service,1534848202,,200
b3345f,127.0.0.1,GET,http://localhost/papsprojet/web/app_dev.php/service,1534848583,,200
9f0159,127.0.0.1,GET,http://localhost/papsprojet/web/app_dev.php/service,1534848628,,200
81b479,127.0.0.1,GET,http://localhost/papsprojet/web/app_dev.php/service,1534848822,,200
a93939,127.0.0.1,GET,http://localhost/papsprojet/web/app_dev.php/service,1534849004,,200
f3aa97,127.0.0.1,GET,http://localhost/papsprojet/web/app_dev.php/service,1534849407,,200
9013c7,127.0.0.1,GET,http://localhost/papsprojet/web/app_dev.php/service,1534849644,,200
2e59dd,127.0.0.1,GET,http://localhost/papsprojet/web/app_dev.php/service,1534849780,,200
935805,127.0.0.1,GET,http://localhost/papsprojet/web/app_dev.php/service,1534849856,,200
d42267,127.0.0.1,GET,http://localhost/papsprojet/web/app_dev.php/accueil,1534850179,,200
2348db,127.0.0.1,GET,http://localhost/papsprojet/web/app_dev.php/inscoursier,1534850188,,200
b3eb68,127.0.0.1,GET,http://localhost/papsprojet/web/app_dev.php/service,1534850204,,200
7e7c22,127.0.0.1,GET,http://localhost/papsprojet/web/app_dev.php/accueil,1534850782,,200
0d0b8f,127.0.0.1,GET,http://localhost/papsprojet/web/app_dev.php/accueil,1534850855,,200
8a38f8,127.0.0.1,GET,http://localhost/papsprojet/web/app_dev.php/accueil,1534851151,,200
6240da,127.0.0.1,GET,http://localhost/papsprojet/web/app_dev.php/accueil,1534851250,,200
8a1533,127.0.0.1,GET,http://localhost/papsprojet/web/app_dev.php/accueil,1534851444,,200
79f1ad,127.0.0.1,GET,http://localhost/papsprojet/web/app_dev.php/accueil,1534851467,,200
fcb1ec,127.0.0.1,GET,http://localhost/papsprojet/web/app_dev.php/accueil,1534851554,,200
5a83ae,127.0.0.1,GET,http://localhost/papsprojet/web/app_dev.php/accueil,1534851828,,200
88b9c3,127.0.0.1,GET,http://localhost/papsprojet/web/app_dev.php/accueil,1534851962,,200
10302a,127.0.0.1,GET,http://localhost/papsprojet/web/app_dev.php/accueil,1534852269,,200
c7cb09,127.0.0.1,GET,http://localhost/papsprojet/web/app_dev.php/accueil,1534852360,,200
597887,127.0.0.1,GET,http://localhost/papsprojet/web/app_dev.php/accueil,1534853105,,200
19a1e7,127.0.0.1,GET,http://localhost/papsprojet/web/app_dev.php/accueil,1534853153,,200
384915,127.0.0.1,GET,http://localhost/papsprojet/web/app_dev.php/accueil,1534853311,,200
75362f,127.0.0.1,GET,http://localhost/papsprojet/web/app_dev.php/accueil,1534853495,,200
928464,127.0.0.1,GET,http://localhost/papsprojet/web/app_dev.php/accueil,1534853518,,200
a570a5,127.0.0.1,GET,http://localhost/papsprojet/web/app_dev.php/service,1534853538,,200
908100,127.0.0.1,GET,http://localhost/papsprojet/web/app_dev.php/accueil,1534853568,,200
4eaae9,127.0.0.1,GET,http://localhost/papsprojet/web/app_dev.php/inscoursier,1534853587,,200
d8a4f8,127.0.0.1,GET,http://localhost/papsprojet/web/app_dev.php/service,1534853622,,200
197499,127.0.0.1,GET,http://localhost/papsprojet/web/app_dev.php/inscoursier,1534853663,,200
d0c441,127.0.0.1,GET,http://localhost/papsprojet/web/app_dev.php/about,1534853673,,200
ef0b4d,127.0.0.1,GET,http://localhost/papsprojet/web/app_dev.php/contact,1534853692,,200
94d6f4,127.0.0.1,GET,http://localhost/papsprojet/web/app_dev.php/accueil,1534853905,,200
791b58,127.0.0.1,GET,http://localhost/papsprojet/web/app_dev.php/addLivraison/4,1535101963,2a8d83,200
2a8d83,127.0.0.1,GET,http://localhost/papsprojet/web/app_dev.php/addLivraison/4,1535101963,,404
5b3053,127.0.0.1,GET,http://localhost/papsprojet/web/app_dev.php/accueil,1535101972,,200
046e47,127.0.0.1,GET,http://localhost/papsprojet/web/app_dev.php/accueil,1535104130,,200
4ae2d8,127.0.0.1,GET,http://localhost/papsprojet/web/app_dev.php/accueil,1535104369,,200
ba7cfa,127.0.0.1,GET,http://localhost/papsprojet/web/app_dev.php/accueil,1535104482,,200
a68d54,127.0.0.1,GET,http://localhost/papsprojet/web/app_dev.php/service,1535104530,,200
6c93e3,127.0.0.1,GET,http://localhost/papsprojet/web/app_dev.php/accueil,1535104544,,200
aa59d9,127.0.0.1,GET,http://localhost/papsprojet/web/app_dev.php/service,1535104570,,200
f443bb,127.0.0.1,GET,http://localhost/papsprojet/web/app_dev.php/accueil,1535104588,,200
69b5a8,127.0.0.1,GET,http://localhost/papsprojet/web/app_dev.php/service,1535104623,,200
133306,127.0.0.1,GET,http://localhost/papsprojet/web/app_dev.php/accueil,1535104627,,200
b9906c,127.0.0.1,GET,http://localhost/papsprojet/web/app_dev.php/service,1535104633,,200
ee1512,127.0.0.1,GET,http://localhost/papsprojet/web/app_dev.php/accueil,1535104781,,200
06ba30,127.0.0.1,GET,http://localhost/papsprojet/web/app_dev.php/accueil,1535104922,,200
7f7ec7,127.0.0.1,GET,http://localhost/papsprojet/web/app_dev.php/accueil,1535105320,,200
0f2920,127.0.0.1,GET,http://localhost/papsprojet/web/app_dev.php/accueil,1535105343,,200
eeac40,127.0.0.1,GET,http://localhost/papsprojet/web/app_dev.php/accueil,1535105571,,200
854e52,127.0.0.1,GET,http://localhost/papsprojet/web/app_dev.php/accueil,1535105614,,200
3c92a4,127.0.0.1,GET,http://localhost/papsprojet/web/app_dev.php/accueil,1535105800,,200
f497fd,127.0.0.1,GET,http://localhost/papsprojet/web/app_dev.php/accueil,1535105860,,200
fe5d8a,127.0.0.1,GET,http://localhost/papsprojet/web/app_dev.php/accueil,1535106164,,200
a5b037,127.0.0.1,GET,http://localhost/papsprojet/web/app_dev.php/accueil,1535106193,,200
8e2600,127.0.0.1,GET,http://localhost/papsprojet/web/app_dev.php/accueil,1535106415,,200
2a87fb,127.0.0.1,GET,http://localhost/papsprojet/web/app_dev.php/service,1535106423,,200
d36212,127.0.0.1,GET,http://localhost/papsprojet/web/app_dev.php/accueil,1535106433,,200
0d8320,127.0.0.1,GET,http://localhost/papsprojet/web/app_dev.php/service,1535106436,,200
4f6d49,127.0.0.1,GET,http://localhost/papsprojet/web/app_dev.php/service,1535106472,,200
173ce1,127.0.0.1,GET,http://localhost/papsprojet/web/app_dev.php/service,1535106520,,200
ba69cf,127.0.0.1,GET,http://localhost/papsprojet/web/app_dev.php/accueil,1535106754,,200
d00385,127.0.0.1,GET,http://localhost/papsprojet/web/app_dev.php/accueil,1535106758,,200
2ab6ef,127.0.0.1,GET,http://localhost/papsprojet/web/app_dev.php/accueil,1535106868,,200
d53b73,127.0.0.1,GET,http://localhost/papsprojet/web/app_dev.php/accueil,1535106919,,200
13d131,127.0.0.1,GET,http://localhost/papsprojet/web/app_dev.php/accueil,1535106964,,200
a0fdf1,127.0.0.1,GET,http://localhost/papsprojet/web/app_dev.php/accueil,1535107390,,200
d673ff,127.0.0.1,GET,http://localhost/papsprojet/web/app_dev.php/accueil,1535107547,,200
0e407a,127.0.0.1,GET,http://localhost/papsprojet/web/app_dev.php/accueil,1535108117,,200
e356c0,127.0.0.1,GET,http://localhost/papsprojet/web/app_dev.php/accueil,1535108177,,200
fc566b,127.0.0.1,GET,http://localhost/papsprojet/web/app_dev.php/accueil,1535108240,,200
b45b7b,127.0.0.1,GET,http://localhost/papsprojet/web/app_dev.php/accueil,1535108693,,200
ac0247,127.0.0.1,GET,http://localhost/papsprojet/web/app_dev.php/accueil,1535108815,,200
ae4d34,127.0.0.1,GET,http://localhost/papsprojet/web/app_dev.php/accueil,1535108963,,200
fcfbc2,127.0.0.1,GET,http://localhost/papsprojet/web/app_dev.php/accueil,1535108977,,200
7337e7,127.0.0.1,GET,http://localhost/papsprojet/web/app_dev.php/accueil,1535109079,,200
9fd1c2,127.0.0.1,GET,http://localhost/papsprojet/web/app_dev.php/accueil,1535109378,,200
849f6d,127.0.0.1,GET,http://localhost/papsprojet/web/app_dev.php/accueil,1535109384,,200
a606d4,127.0.0.1,GET,http://localhost/papsprojet/web/app_dev.php/accueil,1535109576,,200
339aca,127.0.0.1,GET,http://localhost/papsprojet/web/app_dev.php/accueil,1535109598,,200
cf2a35,127.0.0.1,GET,http://localhost/papsprojet/web/app_dev.php/accueil,1535109612,,200
8c45b3,127.0.0.1,GET,http://localhost/papsprojet/web/app_dev.php/accueil,1535109628,,200
63c013,127.0.0.1,GET,http://localhost/papsprojet/web/app_dev.php/accueil,1535109668,,200
10951a,127.0.0.1,GET,http://localhost/papsprojet/web/app_dev.php/accueil,1535109904,,200
f29dbc,127.0.0.1,GET,http://localhost/papsprojet/web/app_dev.php/accueil,1535109950,,200
b9e69f,127.0.0.1,GET,http://localhost/papsprojet/web/app_dev.php/accueil,1535110097,,200
49ef1a,127.0.0.1,GET,http://localhost/papsprojet/web/app_dev.php/accueil,1535110240,,200
beeb7a,127.0.0.1,GET,http://localhost/papsprojet/web/app_dev.php/accueil,1535110375,,200
00bb07,127.0.0.1,GET,http://localhost/papsprojet/web/app_dev.php/accueil,1535110584,,200
6eaa64,127.0.0.1,GET,http://localhost/papsprojet/web/app_dev.php/accueil,1535110615,,200
bc2d6e,127.0.0.1,GET,http://localhost/papsprojet/web/app_dev.php/accueil,1535110704,,200
4ebd29,127.0.0.1,GET,http://localhost/papsprojet/web/app_dev.php/accueil,1535110714,,200
9b0f58,127.0.0.1,GET,http://localhost/papsprojet/web/app_dev.php/accueil,1535110835,,200
8289b1,127.0.0.1,GET,http://localhost/papsprojet/web/app_dev.php/accueil,1535110864,,200
5f1cae,127.0.0.1,GET,http://localhost/papsprojet/web/app_dev.php/accueil,1535110893,,200
5dc4b9,127.0.0.1,GET,http://localhost/papsprojet/web/app_dev.php/accueil,1535111209,,200
9f445b,127.0.0.1,GET,http://localhost/papsprojet/web/app_dev.php/accueil,1535111264,,200
a935a0,127.0.0.1,GET,http://localhost/papsprojet/web/app_dev.php/accueil,1535111324,,200
a3cdc7,127.0.0.1,GET,http://localhost/papsprojet/web/app_dev.php/accueil,1535111597,,200
474ca5,127.0.0.1,GET,http://localhost/papsprojet/web/app_dev.php/accueil,1535111729,,200
1ac052,127.0.0.1,GET,http://localhost/papsprojet/web/app_dev.php/accueil,1535111763,,200
fa0808,127.0.0.1,GET,http://localhost/papsprojet/web/app_dev.php/accueil,1535111781,,200
643801,127.0.0.1,GET,http://localhost/papsprojet/web/app_dev.php/accueil,1535111906,,200
481a31,127.0.0.1,GET,http://localhost/papsprojet/web/app_dev.php/accueil,1535111989,,200
d9434c,127.0.0.1,GET,http://localhost/papsprojet/web/app_dev.php/accueil,1535112009,,200
b1f894,127.0.0.1,GET,http://localhost/papsprojet/web/app_dev.php/accueil,1535112026,,200
0f4022,127.0.0.1,GET,http://localhost/papsprojet/web/app_dev.php/inscoursier,1535112361,,200
121466,127.0.0.1,GET,http://localhost/papsprojet/web/app_dev.php/inscoursier,1535112434,,200
112caf,127.0.0.1,GET,http://localhost/papsprojet/web/app_dev.php/inscoursier,1535112495,,200
5b0a98,127.0.0.1,GET,http://localhost/papsprojet/web/app_dev.php/inscoursier,1535112507,,200
11f20b,127.0.0.1,GET,http://localhost/papsprojet/web/app_dev.php/service,1535112513,,200
fc05e1,127.0.0.1,GET,http://localhost/papsprojet/web/app_dev.php/inscoursier,1535112537,,200
aa740e,127.0.0.1,GET,http://localhost/papsprojet/web/app_dev.php/inscoursier,1535112571,,200
07fd7a,127.0.0.1,GET,http://localhost/papsprojet/web/app_dev.php/service,1535112599,,200
200bbb,127.0.0.1,GET,http://localhost/papsprojet/web/app_dev.php/inscoursier,1535112612,,200
cdf9eb,127.0.0.1,GET,http://localhost/papsprojet/web/app_dev.php/about,1535112622,,200
370ff3,127.0.0.1,GET,http://localhost/papsprojet/web/app_dev.php/about,1535113022,,200
7c9224,127.0.0.1,GET,http://localhost/papsprojet/web/app_dev.php/about,1535113157,,200
c8f979,127.0.0.1,GET,http://localhost/papsprojet/web/app_dev.php/about,1535113412,,200
378016,127.0.0.1,GET,http://localhost/papsprojet/web/app_dev.php/about,1535113469,,200
3bb8b1,127.0.0.1,GET,http://localhost/papsprojet/web/app_dev.php/inscoursier,1535113489,,200
8326c3,127.0.0.1,GET,http://localhost/papsprojet/web/app_dev.php/service,1535113494,,200
daea19,127.0.0.1,GET,http://localhost/papsprojet/web/app_dev.php/inscoursier,1535113498,,200
d831f7,127.0.0.1,GET,http://localhost/papsprojet/web/app_dev.php/about,1535113500,,200
388e56,127.0.0.1,GET,http://localhost/papsprojet/web/app_dev.php/contact,1535113502,,200
d4e763,127.0.0.1,GET,http://localhost/papsprojet/web/app_dev.php/contact,1535113734,,200
c990f4,127.0.0.1,GET,http://localhost/papsprojet/web/app_dev.php/contact,1535113886,,200
8a1b96,127.0.0.1,GET,http://localhost/papsprojet/web/app_dev.php/contact,1535113915,,200
ea3faf,127.0.0.1,GET,http://localhost/papsprojet/web/app_dev.php/contact,1535113939,,200
8a3c75,127.0.0.1,GET,http://localhost/papsprojet/web/app_dev.php/contact,1535114035,,200
6c89af,127.0.0.1,GET,http://localhost/papsprojet/web/app_dev.php/contact,1535114079,,200
2a23b2,127.0.0.1,GET,http://localhost/papsprojet/web/app_dev.php/contact,1535114161,,200
273e0c,127.0.0.1,GET,http://localhost/papsprojet/web/app_dev.php/contact,1535114207,,200
754a14,127.0.0.1,GET,http://localhost/papsprojet/web/app_dev.php/contact,1535114267,,200
3fed9e,127.0.0.1,GET,http://localhost/papsprojet/web/app_dev.php/contact,1535114306,,200
8ab1ca,127.0.0.1,GET,http://localhost/papsprojet/web/app_dev.php/about,1535114319,,200
692499,127.0.0.1,GET,http://localhost/papsprojet/web/app_dev.php/inscoursier,1535114323,,200
490cc2,127.0.0.1,GET,http://localhost/papsprojet/web/app_dev.php/inscoursier,1535114326,,200
aeb305,127.0.0.1,GET,http://localhost/papsprojet/web/app_dev.php/service,1535114328,,200
823e24,127.0.0.1,GET,http://localhost/papsprojet/web/app_dev.php/accueil,1535114333,,200
69f295,127.0.0.1,GET,http://localhost/papsprojet/web/app_dev.php/about,1535114510,,200
7e29ee,127.0.0.1,GET,http://localhost/papsprojet/web/app_dev.php/about,1535114550,,200
f871b7,127.0.0.1,GET,http://localhost/papsprojet/web/app_dev.php/accueil,1535114716,,200
f728b6,127.0.0.1,GET,http://localhost/papsprojet/web/app_dev.php/service,1535114727,,200
477a1a,127.0.0.1,GET,http://localhost/papsprojet/web/app_dev.php/contact,1535114924,,200
30f44b,127.0.0.1,GET,http://localhost/papsprojet/web/app_dev.php/about,1535114935,,200
305746,127.0.0.1,GET,http://localhost/papsprojet/web/app_dev.php/service,1535114946,,200
5d0c83,127.0.0.1,GET,http://localhost/papsprojet/web/app_dev.php/accueil,1535114948,,200
049d1c,127.0.0.1,GET,http://localhost/papsprojet/web/app_dev.php/contact,1535115318,,200
0ee7cd,127.0.0.1,GET,http://localhost/papsprojet/web/app_dev.php/about,1535115327,,200
c86afc,127.0.0.1,GET,http://localhost/papsprojet/web/app_dev.php/accueil,1535115338,,200
92c803,127.0.0.1,GET,http://localhost/papsprojet/web/app_dev.php/service,1535117912,,200
638b9e,127.0.0.1,GET,http://localhost/papsprojet/web/app_dev.php/service,1535117913,,200
c56583,127.0.0.1,GET,http://localhost/papsprojet/web/app_dev.php/service,1535118164,,200
b9e374,127.0.0.1,GET,http://localhost/papsprojet/web/app_dev.php/contact,1535118281,,200
f17015,127.0.0.1,GET,http://localhost/papsprojet/web/app_dev.php/accueil,1535123574,,200
2eaed7,127.0.0.1,GET,http://localhost/papsprojet/web/app_dev.php/service,1535123695,,200
07decd,127.0.0.1,GET,http://localhost/papsprojet/web/app_dev.php/inscoursier,1535123839,,200
9f08f3,127.0.0.1,GET,http://localhost/papsprojet/web/app_dev.php/about,1535123883,,200
a6df0d,127.0.0.1,GET,http://localhost/papsprojet/web/app_dev.php/contact,1535123917,,200
2628c3,127.0.0.1,GET,http://localhost/papsprojet/web/app_dev.php/contact,1535358878,,200
26d454,127.0.0.1,GET,http://localhost/papsprojet/web/app_dev.php/accueil,1535358886,,200
c0236d,127.0.0.1,GET,http://localhost/papsprojet/web/app_dev.php/accueil,1535358984,,200
98bf37,127.0.0.1,GET,http://localhost/papsprojet/web/app_dev.php/accueil,1535359050,,200
d6f50a,127.0.0.1,GET,http://localhost/papsprojet/web/app_dev.php/accueil,1535359087,,200
92f2f1,127.0.0.1,GET,http://localhost/papsprojet/web/app_dev.php/accueil,1535375894,,200
3f208d,127.0.0.1,GET,http://localhost/papsprojet/web/app_dev.php/accueil,1535380251,,200
c150f8,127.0.0.1,GET,http://localhost/papsprojet/web/app_dev.php/accueil,1535380370,,200
157826,127.0.0.1,GET,http://localhost/papsprojet/web/app_dev.php/accueil,1535380421,,200
31d931,127.0.0.1,GET,http://localhost/papsprojet/web/app_dev.php/accueil,1535380445,,200
1be8c5,127.0.0.1,GET,http://localhost/papsprojet/web/app_dev.php/accueil,1535380501,,200
e87b30,127.0.0.1,GET,http://localhost/papsprojet/web/app_dev.php/accueil,1535380543,,200
d09163,127.0.0.1,GET,http://localhost/papsprojet/web/app_dev.php/accueil,1535380656,,200
9640b2,127.0.0.1,GET,http://localhost/papsprojet/web/app_dev.php/accueil,1535380803,,200
dcd06e,127.0.0.1,GET,http://localhost/papsprojet/web/app_dev.php/accueil,1535380953,,200
792db1,127.0.0.1,GET,http://localhost/papsprojet/web/app_dev.php/accueil,1535381127,,200
88a222,127.0.0.1,GET,http://localhost/papsprojet/web/app_dev.php/accueil,1535381324,,200
e721a4,127.0.0.1,GET,http://localhost/papsprojet/web/app_dev.php/accueil,1535381530,,200
e97cb6,127.0.0.1,GET,http://localhost/papsprojet/web/app_dev.php/accueil,1535381618,,200
8680f0,127.0.0.1,GET,http://localhost/papsprojet/web/app_dev.php/accueil,1535381862,,200
28eae4,127.0.0.1,GET,http://localhost/papsprojet/web/app_dev.php/accueil,1535381918,,200
62d7ed,127.0.0.1,GET,http://localhost/papsprojet/web/app_dev.php/accueil,1535381988,,200
1901a9,127.0.0.1,GET,http://localhost/papsprojet/web/app_dev.php/accueil,1535382018,,200
2e7eb8,127.0.0.1,GET,http://localhost/papsprojet/web/app_dev.php/accueil,1535382024,,200
1715ef,127.0.0.1,GET,http://localhost/papsprojet/web/app_dev.php/accueil,1535382025,,200
736dae,127.0.0.1,GET,http://localhost/papsprojet/web/app_dev.php/accueil,1535382092,,200
77595e,127.0.0.1,GET,http://localhost/papsprojet/web/app_dev.php/accueil,1535382935,,200
d8e64e,127.0.0.1,GET,http://localhost/papsprojet/web/app_dev.php/accueil,1535383189,,200
733ad6,127.0.0.1,GET,http://localhost/papsprojet/web/app_dev.php/accueil,1535384186,,200
cde345,127.0.0.1,GET,http://localhost/papsprojet/web/app_dev.php/accueil,1535384558,,200
365e22,127.0.0.1,GET,http://localhost/papsprojet/web/app_dev.php/accueil,1535386366,,200
9b0f17,127.0.0.1,GET,http://localhost/papsprojet/web/app_dev.php/accueil,1535386995,,200
308465,127.0.0.1,GET,http://localhost/papsprojet/web/app_dev.php/accueil,1535387018,,200
f83162,127.0.0.1,GET,http://localhost/papsprojet/web/app_dev.php/accueil,1535387043,,200
1e6b42,127.0.0.1,GET,http://localhost/papsprojet/web/app_dev.php/accueil,1535387379,,200
c1a02b,127.0.0.1,GET,http://localhost/papsprojet/web/app_dev.php/accueil,1535406325,,200
601c61,127.0.0.1,GET,http://localhost/papsprojet/web/app_dev.php/accueil,1535412155,,200
c493b4,127.0.0.1,GET,http://localhost/papsprojet/web/app_dev.php/images/apple-store-btn.png,1535412156,cba6fc,200
cba6fc,127.0.0.1,GET,http://localhost/papsprojet/web/app_dev.php/images/apple-store-btn.png,1535412156,,404
31075f,127.0.0.1,GET,http://localhost/papsprojet/web/app_dev.php/images/app-screen.png,1535412156,c025a0,200
0e3ada,127.0.0.1,GET,http://localhost/papsprojet/web/app_dev.php/images/google-store-btn.png,1535412156,bfc787,200
c025a0,127.0.0.1,GET,http://localhost/papsprojet/web/app_dev.php/images/app-screen.png,1535412156,,404
bfc787,127.0.0.1,GET,http://localhost/papsprojet/web/app_dev.php/images/google-store-btn.png,1535412156,,404
6e7745,127.0.0.1,GET,http://localhost/papsprojet/web/app_dev.php/accueil,1535412679,,200
760e17,127.0.0.1,GET,http://localhost/papsprojet/web/app_dev.php/accueil,1535413011,,200
274ee7,127.0.0.1,GET,http://localhost/papsprojet/web/app_dev.php/accueil,1535413042,,200
6a5603,127.0.0.1,GET,http://localhost/papsprojet/web/app_dev.php/accueil,1535413080,,200
da4562,127.0.0.1,GET,http://localhost/papsprojet/web/app_dev.php/accueil,1535414012,,200
55ba37,127.0.0.1,GET,http://localhost/papsprojet/web/app_dev.php/accueil,1535415580,,200
8c37f4,127.0.0.1,GET,http://localhost/papsprojet/web/app_dev.php/accueil,1535415801,,200
b3133a,127.0.0.1,GET,http://localhost/papsprojet/web/app_dev.php/accueil,1535415919,,200
edae52,127.0.0.1,GET,http://localhost/papsprojet/web/app_dev.php/accueil,1535416002,,200
5eb4ba,127.0.0.1,GET,http://localhost/papsprojet/web/app_dev.php/accueil,1535416073,,200
6310bf,127.0.0.1,GET,http://localhost/papsprojet/web/app_dev.php/accueil,1535416167,,200
2cb1cb,127.0.0.1,GET,http://localhost/papsprojet/web/app_dev.php/accueil,1535416226,,200
191399,127.0.0.1,GET,http://localhost/papsprojet/web/app_dev.php/accueil,1535416287,,200
338577,127.0.0.1,GET,http://localhost/papsprojet/web/app_dev.php/accueil,1535416376,,200
de84a1,127.0.0.1,GET,http://localhost/papsprojet/web/app_dev.php/accueil,1535416456,,200
7afcd0,127.0.0.1,GET,http://localhost/papsprojet/web/app_dev.php/accueil,1535416505,,200
ecd480,127.0.0.1,GET,http://localhost/papsprojet/web/app_dev.php/accueil,1535416566,,200
9bcd28,127.0.0.1,GET,http://localhost/papsprojet/web/app_dev.php/accueil,1535416600,,200
fb3153,127.0.0.1,GET,http://localhost/papsprojet/web/app_dev.php/accueil,1535416621,,200
a2ad93,127.0.0.1,GET,http://localhost/papsprojet/web/app_dev.php/accueil,1535416654,,200
520440,127.0.0.1,GET,http://localhost/papsprojet/web/app_dev.php/accueil,1535416663,,200
fc601a,127.0.0.1,GET,http://localhost/papsprojet/web/app_dev.php/accueil,1535416686,,200
47592f,127.0.0.1,GET,http://localhost/papsprojet/web/app_dev.php/accueil,1535416936,,200
a7e8c5,127.0.0.1,GET,http://localhost/papsprojet/web/app_dev.php/accueil,1535416940,,200
3bc939,127.0.0.1,GET,http://localhost/papsprojet/web/app_dev.php/accueil,1535417194,,200
1781ec,127.0.0.1,GET,http://localhost/papsprojet/web/app_dev.php/accueil,1535417213,,200
f0a1c9,127.0.0.1,GET,http://localhost/papsprojet/web/app_dev.php/accueil,1535417247,,200
6dc692,127.0.0.1,GET,http://localhost/papsprojet/web/app_dev.php/accueil,1535417285,,200
bb0512,127.0.0.1,GET,http://localhost/papsprojet/web/app_dev.php/accueil,1535417583,,200
7580de,127.0.0.1,GET,http://localhost/papsprojet/web/app_dev.php/accueil,1535417608,,200
6403b7,127.0.0.1,GET,http://localhost/papsprojet/web/app_dev.php/accueil,1535417618,,200
a15ab0,127.0.0.1,GET,http://localhost/papsprojet/web/app_dev.php/accueil,1535417809,,200
d98427,127.0.0.1,GET,http://localhost/papsprojet/web/app_dev.php/accueil,1535417864,,200
ebe153,127.0.0.1,GET,http://localhost/papsprojet/web/app_dev.php/accueil,1535417923,,200
9cef7e,127.0.0.1,GET,http://localhost/papsprojet/web/app_dev.php/accueil,1535417965,,200
b393b7,127.0.0.1,GET,http://localhost/papsprojet/web/app_dev.php/accueil,1535418033,,200
60be85,127.0.0.1,GET,http://localhost/papsprojet/web/app_dev.php/accueil,1535418053,,200
467f8e,127.0.0.1,GET,http://localhost/papsprojet/web/app_dev.php/accueil,1535418160,,200
ccf480,127.0.0.1,GET,http://localhost/papsprojet/web/app_dev.php/accueil,1535418164,,200
450f56,127.0.0.1,GET,http://localhost/papsprojet/web/app_dev.php/accueil,1535418271,,200
9a693b,127.0.0.1,GET,http://localhost/papsprojet/web/app_dev.php/accueil,1535418325,,200
f1e595,127.0.0.1,GET,http://localhost/papsprojet/web/app_dev.php/accueil,1535418363,,200
28af27,127.0.0.1,GET,http://localhost/papsprojet/web/app_dev.php/accueil,1535418429,,200
419362,127.0.0.1,GET,http://localhost/papsprojet/web/app_dev.php/accueil,1535418727,,200
41439e,127.0.0.1,GET,http://localhost/papsprojet/web/app_dev.php/accueil,1535419234,,200
11a752,127.0.0.1,GET,http://localhost/papsprojet/web/app_dev.php/accueil,1535419381,,200
d0b61c,127.0.0.1,GET,http://localhost/papsprojet/web/app_dev.php/accueil,1535419382,,200
c391e2,127.0.0.1,GET,http://localhost/papsprojet/web/app_dev.php/accueil,1535419430,,200
c03860,127.0.0.1,GET,http://localhost/papsprojet/web/app_dev.php/accueil,1535419553,,200
8fb524,127.0.0.1,GET,http://localhost/papsprojet/web/app_dev.php/accueil,1535419733,,200
6f7e2d,127.0.0.1,GET,http://localhost/papsprojet/web/app_dev.php/accueil,1535419788,,200
9dc4fe,127.0.0.1,GET,http://localhost/papsprojet/web/app_dev.php/accueil,1535419791,,200
5d8c4c,127.0.0.1,GET,http://localhost/papsprojet/web/app_dev.php/accueil,1535419791,,200
e51323,127.0.0.1,GET,http://localhost/papsprojet/web/app_dev.php/accueil,1535419792,,200
e2ad45,127.0.0.1,GET,http://localhost/papsprojet/web/app_dev.php/accueil,1535419792,,200
ce4ded,127.0.0.1,GET,http://localhost/papsprojet/web/app_dev.php/accueil,1535419793,,200
e5381d,127.0.0.1,GET,http://localhost/papsprojet/web/app_dev.php/accueil,1535419793,,200
356bbc,127.0.0.1,GET,http://localhost/papsprojet/web/app_dev.php/accueil,1535419831,,200
3a32dc,127.0.0.1,GET,http://localhost/papsprojet/web/app_dev.php/accueil,1535419866,,200
cea202,127.0.0.1,GET,http://localhost/papsprojet/web/app_dev.php/accueil,1535419924,,200
da001b,127.0.0.1,GET,http://localhost/papsprojet/web/app_dev.php/accueil,1535420005,,200
c62b8b,127.0.0.1,GET,http://localhost/papsprojet/web/app_dev.php/accueil,1535420115,,200
f0d256,127.0.0.1,GET,http://localhost/papsprojet/web/app_dev.php/accueil,1535420125,,200
0a41b1,127.0.0.1,GET,http://localhost/papsprojet/web/app_dev.php/accueil,1535420159,,200
d684c8,127.0.0.1,GET,http://localhost/papsprojet/web/app_dev.php/accueil,1535420223,,200
2aa98b,127.0.0.1,GET,http://localhost/papsprojet/web/app_dev.php/accueil,1535420283,,200
c43029,127.0.0.1,GET,http://localhost/papsprojet/web/app_dev.php/accueil,1535420351,,200
28dfc9,127.0.0.1,GET,http://localhost/papsprojet/web/app_dev.php/accueil,1535420376,,200
622add,127.0.0.1,GET,http://localhost/papsprojet/web/app_dev.php/accueil,1535420440,,200
d9f40e,127.0.0.1,GET,http://localhost/papsprojet/web/app_dev.php/accueil,1535420494,,200
044330,127.0.0.1,GET,http://localhost/papsprojet/web/app_dev.php/accueil,1535420513,,200
c836d3,127.0.0.1,GET,http://localhost/papsprojet/web/app_dev.php/accueil,1535420536,,200
f466ff,127.0.0.1,GET,http://localhost/papsprojet/web/app_dev.php/accueil,1535420562,,200
191f68,127.0.0.1,GET,http://localhost/papsprojet/web/app_dev.php/accueil,1535420602,,200
62414a,127.0.0.1,GET,http://localhost/papsprojet/web/app_dev.php/accueil,1535420764,,200
3474e4,127.0.0.1,GET,http://localhost/papsprojet/web/app_dev.php/accueil,1535420809,,200
10263b,127.0.0.1,GET,http://localhost/papsprojet/web/app_dev.php/accueil,1535420863,,200
dc4b57,127.0.0.1,GET,http://localhost/papsprojet/web/app_dev.php/accueil,1535420881,,200
a6eb67,127.0.0.1,GET,http://localhost/papsprojet/web/app_dev.php/accueil,1535420907,,200
3e8900,127.0.0.1,GET,http://localhost/papsprojet/web/app_dev.php/accueil,1535420943,,200
6e1c6b,127.0.0.1,GET,http://localhost/papsprojet/web/app_dev.php/accueil,1535420983,,200
3dff31,127.0.0.1,GET,http://localhost/papsprojet/web/app_dev.php/accueil,1535420999,,200
b183f7,127.0.0.1,GET,http://localhost/papsprojet/web/app_dev.php/accueil,1535421164,,200
9ea4be,127.0.0.1,GET,http://localhost/papsprojet/web/app_dev.php/accueil,1535421193,,200
aeaa73,127.0.0.1,GET,http://localhost/papsprojet/web/app_dev.php/accueil,1535421212,,200
60ece1,127.0.0.1,GET,http://localhost/papsprojet/web/app_dev.php/accueil,1535421224,,200
b00e88,127.0.0.1,GET,http://localhost/papsprojet/web/app_dev.php/accueil,1535421238,,200
7e5564,127.0.0.1,GET,http://localhost/papsprojet/web/app_dev.php/accueil,1535421261,,200
acf975,127.0.0.1,GET,http://localhost/papsprojet/web/app_dev.php/accueil,1535421283,,200
b925da,127.0.0.1,GET,http://localhost/papsprojet/web/app_dev.php/accueil,1535421300,,200
07a59a,127.0.0.1,GET,http://localhost/papsprojet/web/app_dev.php/accueil,1535421314,,200
75bbdd,127.0.0.1,GET,http://localhost/papsprojet/web/app_dev.php/accueil,1535421325,,200
31422b,127.0.0.1,GET,http://localhost/papsprojet/web/app_dev.php/accueil,1535421336,,200
ca4ae7,127.0.0.1,GET,http://localhost/papsprojet/web/app_dev.php/accueil,1535421349,,200
4d42f7,127.0.0.1,GET,http://localhost/papsprojet/web/app_dev.php/accueil,1535421432,,200
61e968,127.0.0.1,GET,http://localhost/papsprojet/web/app_dev.php/accueil,1535421488,,200
d5aec8,127.0.0.1,GET,http://localhost/papsprojet/web/app_dev.php/accueil,1535421507,,200
2806b9,127.0.0.1,GET,http://localhost/papsprojet/web/app_dev.php/accueil,1535421526,,200
7d013c,127.0.0.1,GET,http://localhost/papsprojet/web/app_dev.php/accueil,1535421544,,200
4a476b,127.0.0.1,GET,http://localhost/papsprojet/web/app_dev.php/accueil,1535421643,,200
bd5e43,127.0.0.1,GET,http://localhost/papsprojet/web/app_dev.php/accueil,1535421699,,200
9abcd3,127.0.0.1,GET,http://localhost/papsprojet/web/app_dev.php/accueil,1535421758,,200
d64af6,127.0.0.1,GET,http://localhost/papsprojet/web/app_dev.php/accueil,1535421792,,200
8857f6,127.0.0.1,GET,http://localhost/papsprojet/web/app_dev.php/accueil,1535421803,,200
6e80de,127.0.0.1,GET,http://localhost/papsprojet/web/app_dev.php/accueil,1535421851,,200
8ae6c0,127.0.0.1,GET,http://localhost/papsprojet/web/app_dev.php/accueil,1535421866,,200
13a1f8,127.0.0.1,GET,http://localhost/papsprojet/web/app_dev.php/accueil,1535421882,,200
952b4e,127.0.0.1,GET,http://localhost/papsprojet/web/app_dev.php/accueil,1535421911,,200
4b8ea0,127.0.0.1,GET,http://localhost/papsprojet/web/app_dev.php/accueil,1535421926,,200
c700d4,127.0.0.1,GET,http://localhost/papsprojet/web/app_dev.php/accueil,1535421947,,200
4f34c5,127.0.0.1,GET,http://localhost/papsprojet/web/app_dev.php/accueil,1535421960,,200
ccc22e,127.0.0.1,GET,http://localhost/papsprojet/web/app_dev.php/accueil,1535421999,,200
e5dd17,127.0.0.1,GET,http://localhost/papsprojet/web/app_dev.php/accueil,1535422102,,200
3fecbb,127.0.0.1,GET,http://localhost/papsprojet/web/app_dev.php/accueil,1535422126,,200
f73f85,127.0.0.1,GET,http://localhost/papsprojet/web/app_dev.php/accueil,1535422151,,200
3a29db,127.0.0.1,GET,http://localhost/papsprojet/web/app_dev.php/accueil,1535422244,,200
1306ad,127.0.0.1,GET,http://localhost/papsprojet/web/app_dev.php/accueil,1535422268,,200
0c5754,127.0.0.1,GET,http://localhost/papsprojet/web/app_dev.php/accueil,1535422287,,200
419951,127.0.0.1,GET,http://localhost/papsprojet/web/app_dev.php/accueil,1535422304,,200
675511,127.0.0.1,GET,http://localhost/papsprojet/web/app_dev.php/accueil,1535422336,,200
7ca45d,127.0.0.1,GET,http://localhost/papsprojet/web/app_dev.php/accueil,1535422365,,200
b98fe6,127.0.0.1,GET,http://localhost/papsprojet/web/app_dev.php/accueil,1535422413,,200
a72f42,127.0.0.1,GET,http://localhost/papsprojet/web/app_dev.php/accueil,1535422482,,200
c16fc1,127.0.0.1,GET,http://localhost/papsprojet/web/app_dev.php/accueil,1535422515,,200
3cc0f9,127.0.0.1,GET,http://localhost/papsprojet/web/app_dev.php/accueil,1535422526,,200
74206e,127.0.0.1,GET,http://localhost/papsprojet/web/app_dev.php/accueil,1535422543,,200
9df0f4,127.0.0.1,GET,http://localhost/papsprojet/web/app_dev.php/accueil,1535422611,,200
f35927,127.0.0.1,GET,http://localhost/papsprojet/web/app_dev.php/accueil,1535422646,,200
6a1167,127.0.0.1,GET,http://localhost/papsprojet/web/app_dev.php/accueil,1535422686,,200
170228,127.0.0.1,GET,http://localhost/papsprojet/web/app_dev.php/accueil,1535422709,,200
0a8fe7,127.0.0.1,GET,http://localhost/papsprojet/web/app_dev.php/accueil,1535422726,,200
f4432a,127.0.0.1,GET,http://localhost/papsprojet/web/app_dev.php/accueil,1535422763,,200
667907,127.0.0.1,GET,http://localhost/papsprojet/web/app_dev.php/accueil,1535422796,,200
ffe45a,127.0.0.1,GET,http://localhost/papsprojet/web/app_dev.php/accueil,1535422808,,200
17ed45,127.0.0.1,GET,http://localhost/papsprojet/web/app_dev.php/accueil,1535422848,,200
c15080,127.0.0.1,GET,http://localhost/papsprojet/web/app_dev.php/accueil,1535422872,,200
3b6439,127.0.0.1,GET,http://localhost/papsprojet/web/app_dev.php/accueil,1535422934,,200
682b65,127.0.0.1,GET,http://localhost/papsprojet/web/app_dev.php/accueil,1535422952,,200
b92573,127.0.0.1,GET,http://localhost/papsprojet/web/app_dev.php/accueil,1535422988,,200
7db96f,127.0.0.1,GET,http://localhost/papsprojet/web/app_dev.php/accueil,1535422998,,200
955ecc,127.0.0.1,GET,http://localhost/papsprojet/web/app_dev.php/accueil,1535423022,,200
15f7bd,127.0.0.1,GET,http://localhost/papsprojet/web/app_dev.php/accueil,1535423059,,200
f47ff8,127.0.0.1,GET,http://localhost/papsprojet/web/app_dev.php/accueil,1535423078,,200
760715,127.0.0.1,GET,http://localhost/papsprojet/web/app_dev.php/accueil,1535423106,,200
20705e,127.0.0.1,GET,http://localhost/papsprojet/web/app_dev.php/accueil,1535423116,,200
ff9f4e,127.0.0.1,GET,http://localhost/papsprojet/web/app_dev.php/accueil,1535423127,,200
d19407,127.0.0.1,GET,http://localhost/papsprojet/web/app_dev.php/accueil,1535423148,,200
bd4cda,127.0.0.1,GET,http://localhost/papsprojet/web/app_dev.php/accueil,1535423165,,200
5abab5,127.0.0.1,GET,http://localhost/papsprojet/web/app_dev.php/accueil,1535423182,,200
4293f3,127.0.0.1,GET,http://localhost/papsprojet/web/app_dev.php/accueil,1535423198,,200
d1723c,127.0.0.1,GET,http://localhost/papsprojet/web/app_dev.php/accueil,1535423246,,200
589bbc,127.0.0.1,GET,http://localhost/papsprojet/web/app_dev.php/accueil,1535423300,,200
f4eb6a,127.0.0.1,GET,http://localhost/papsprojet/web/app_dev.php/accueil,1535423335,,200
1fce4a,127.0.0.1,GET,http://localhost/papsprojet/web/app_dev.php/accueil,1535423374,,200
9faf5f,127.0.0.1,GET,http://localhost/papsprojet/web/app_dev.php/accueil,1535424059,,200
fbe499,127.0.0.1,GET,http://localhost/papsprojet/web/app_dev.php/accueil,1535424162,,200
c3a0a2,127.0.0.1,GET,http://localhost/papsprojet/web/app_dev.php/accueil,1535424202,,200
ff85e1,127.0.0.1,GET,http://localhost/papsprojet/web/app_dev.php/accueil,1535424231,,200
babada,127.0.0.1,GET,http://localhost/papsprojet/web/app_dev.php/accueil,1535424381,,200
281dd6,127.0.0.1,GET,http://localhost/papsprojet/web/app_dev.php/accueil,1535424625,,200
2bc6ab,127.0.0.1,GET,http://localhost/papsprojet/web/app_dev.php/accueil,1535443271,,200
619b56,127.0.0.1,GET,http://localhost/papsprojet/web/app_dev.php/accueil,1535443567,,200
7f40aa,127.0.0.1,GET,http://localhost/papsprojet/web/app_dev.php/accueil,1535444205,,200
e53179,127.0.0.1,GET,http://localhost/papsprojet/web/app_dev.php/accueil,1535444310,,200
352f27,127.0.0.1,GET,http://localhost/papsprojet/web/app_dev.php/accueil,1535444522,,200
5cc43b,127.0.0.1,GET,http://localhost/papsprojet/web/app_dev.php/accueil,1535444583,,200
ddd215,127.0.0.1,GET,http://localhost/papsprojet/web/app_dev.php/accueil,1535444841,,200
634f5a,127.0.0.1,GET,http://localhost/papsprojet/web/app_dev.php/accueil,1535444924,,200
db10d6,127.0.0.1,GET,http://localhost/papsprojet/web/app_dev.php/accueil,1535444950,,200
7fb509,127.0.0.1,GET,http://localhost/papsprojet/web/app_dev.php/accueil,1535444966,,200
febb86,127.0.0.1,GET,http://localhost/papsprojet/web/app_dev.php/accueil,1535444967,,200
ec3bd3,127.0.0.1,GET,http://localhost/papsprojet/web/app_dev.php/accueil,1535444967,,200
92c1e9,127.0.0.1,GET,http://localhost/papsprojet/web/app_dev.php/accueil,1535444988,,200
562c90,127.0.0.1,GET,http://localhost/papsprojet/web/app_dev.php/accueil,1535445137,,200
67e32b,127.0.0.1,GET,http://localhost/papsprojet/web/app_dev.php/accueil,1535445293,,200
f041e0,127.0.0.1,GET,http://localhost/papsprojet/web/app_dev.php/accueil,1535445313,,200
4098a8,127.0.0.1,GET,http://localhost/papsprojet/web/app_dev.php/accueil,1535445332,,200
fb319a,127.0.0.1,GET,http://localhost/papsprojet/web/app_dev.php/accueil,1535445340,,200
c63dc9,127.0.0.1,GET,http://localhost/papsprojet/web/app_dev.php/accueil,1535445481,,200
daacef,127.0.0.1,GET,http://localhost/papsprojet/web/app_dev.php/images/feature-mobile.png,1535445481,301b6d,200
301b6d,127.0.0.1,GET,http://localhost/papsprojet/web/app_dev.php/images/feature-mobile.png,1535445481,,404
06d398,127.0.0.1,GET,http://localhost/papsprojet/web/app_dev.php/accueil,1535445564,,200
463406,127.0.0.1,GET,http://localhost/papsprojet/web/app_dev.php/images/feature-mobile.png,1535445565,783fe9,200
783fe9,127.0.0.1,GET,http://localhost/papsprojet/web/app_dev.php/images/feature-mobile.png,1535445565,,404
718164,127.0.0.1,GET,http://localhost/papsprojet/web/app_dev.php/images/feature-mobile.png,1535445565,e603f9,200
e603f9,127.0.0.1,GET,http://localhost/papsprojet/web/app_dev.php/images/feature-mobile.png,1535445565,,404
fee565,127.0.0.1,GET,http://localhost/papsprojet/web/app_dev.php/accueil,1535445603,,200
7b40cd,127.0.0.1,GET,http://localhost/papsprojet/web/app_dev.php/accueil,1535445671,,200
776640,127.0.0.1,GET,http://localhost/papsprojet/web/app_dev.php/accueil,1535446048,,200
77bffe,127.0.0.1,GET,http://localhost/papsprojet/web/app_dev.php/accueil,1535446282,,200
395d0d,127.0.0.1,GET,http://localhost/papsprojet/web/app_dev.php/accueil,1535446388,,200
9d7c9c,127.0.0.1,GET,http://localhost/papsprojet/web/app_dev.php/accueil,1535446496,,200
775cd5,127.0.0.1,GET,http://localhost/papsprojet/web/app_dev.php/accueil,1535446529,,200
407fa8,127.0.0.1,GET,http://localhost/papsprojet/web/app_dev.php/accueil,1535446632,,200
ca89fc,127.0.0.1,GET,http://localhost/papsprojet/web/app_dev.php/accueil,1535446958,,200
a1dd33,127.0.0.1,GET,http://localhost/papsprojet/web/app_dev.php/accueil,1535447132,,200
8f254b,127.0.0.1,GET,http://localhost/papsprojet/web/app_dev.php/accueil,1535447161,,200
925b44,127.0.0.1,GET,http://localhost/papsprojet/web/app_dev.php/accueil,1535447180,,200
61e107,127.0.0.1,GET,http://localhost/papsprojet/web/app_dev.php/accueil,1535447223,,200
491480,127.0.0.1,GET,http://localhost/papsprojet/web/app_dev.php/accueil,1535447248,,200
de6b34,127.0.0.1,GET,http://localhost/papsprojet/web/app_dev.php/accueil,1535447296,,200
5bffdd,127.0.0.1,GET,http://localhost/papsprojet/web/app_dev.php/accueil,1535447640,,200
25580d,127.0.0.1,GET,http://localhost/papsprojet/web/app_dev.php/accueil,1535447740,,200
61e746,127.0.0.1,GET,http://localhost/papsprojet/web/app_dev.php/accueil,1535447851,,200
7cce75,127.0.0.1,GET,http://localhost/papsprojet/web/app_dev.php/accueil,1535447869,,200
56812f,127.0.0.1,GET,http://localhost/papsprojet/web/app_dev.php/accueil,1535447878,,200
7c0ce1,127.0.0.1,GET,http://localhost/papsprojet/web/app_dev.php/accueil,1535448202,,200
d49f0e,127.0.0.1,GET,http://localhost/papsprojet/web/app_dev.php/accueil,1535448673,,200
13b6b3,127.0.0.1,GET,http://localhost/papsprojet/web/app_dev.php/accueil,1535448699,,200
d8f863,127.0.0.1,GET,http://localhost/papsprojet/web/app_dev.php/accueil,1535449351,,200
dc19fb,127.0.0.1,GET,http://localhost/papsprojet/web/app_dev.php/service,1535449603,,200
17a3b2,127.0.0.1,GET,http://localhost/papsprojet/web/app_dev.php/accueil,1535449981,,200
2696b6,127.0.0.1,GET,http://localhost/papsprojet/web/app_dev.php/accueil,1535450089,,200
df3461,127.0.0.1,GET,http://localhost/papsprojet/web/app_dev.php/accueil,1535450278,,200
1b965c,127.0.0.1,GET,http://localhost/papsprojet/web/app_dev.php/images/app-screen/screen3.jpg,1535450278,507176,200
507176,127.0.0.1,GET,http://localhost/papsprojet/web/app_dev.php/images/app-screen/screen3.jpg,1535450278,,404
b045a9,127.0.0.1,GET,http://localhost/papsprojet/web/app_dev.php/images/app-screen/screen5.jpg,1535450278,021fd6,200
6b40a3,127.0.0.1,GET,http://localhost/papsprojet/web/app_dev.php/images/app-screen/screen4.jpg,1535450278,3624fd,200
4dc1b0,127.0.0.1,GET,http://localhost/papsprojet/web/app_dev.php/images/app-screen/screen2.jpg,1535450278,f749fa,200
3624fd,127.0.0.1,GET,http://localhost/papsprojet/web/app_dev.php/images/app-screen/screen4.jpg,1535450278,,404
021fd6,127.0.0.1,GET,http://localhost/papsprojet/web/app_dev.php/images/app-screen/screen5.jpg,1535450278,,404
f749fa,127.0.0.1,GET,http://localhost/papsprojet/web/app_dev.php/images/app-screen/screen2.jpg,1535450278,,404
bba038,127.0.0.1,GET,http://localhost/papsprojet/web/app_dev.php/images/app-screen/screen1.jpg,1535450278,40dd5a,200
ca3ca7,127.0.0.1,GET,http://localhost/papsprojet/web/app_dev.php/images/app-screen/screen6.jpg,1535450278,86bff8,200
40dd5a,127.0.0.1,GET,http://localhost/papsprojet/web/app_dev.php/images/app-screen/screen1.jpg,1535450278,,404
86bff8,127.0.0.1,GET,http://localhost/papsprojet/web/app_dev.php/images/app-screen/screen6.jpg,1535450278,,404
bf619c,127.0.0.1,GET,http://localhost/papsprojet/web/app_dev.php/images/app-screen/screen7.jpg,1535450278,18f751,200
18f751,127.0.0.1,GET,http://localhost/papsprojet/web/app_dev.php/images/app-screen/screen7.jpg,1535450278,,404
cbca98,127.0.0.1,GET,http://localhost/papsprojet/web/app_dev.php/images/app-screen/screen3.jpg,1535450278,4f2463,200
4f2463,127.0.0.1,GET,http://localhost/papsprojet/web/app_dev.php/images/app-screen/screen3.jpg,1535450278,,404
922a29,127.0.0.1,GET,http://localhost/papsprojet/web/app_dev.php/images/app-screen/screen5.jpg,1535450278,ab782a,200
ab782a,127.0.0.1,GET,http://localhost/papsprojet/web/app_dev.php/images/app-screen/screen5.jpg,1535450278,,404
392d66,127.0.0.1,GET,http://localhost/papsprojet/web/app_dev.php/images/app-screen/screen6.jpg,1535450278,f14a64,200
f14a64,127.0.0.1,GET,http://localhost/papsprojet/web/app_dev.php/images/app-screen/screen6.jpg,1535450278,,404
8718b9,127.0.0.1,GET,http://localhost/papsprojet/web/app_dev.php/images/app-screen/screen7.jpg,1535450278,2dd1d8,200
2dd1d8,127.0.0.1,GET,http://localhost/papsprojet/web/app_dev.php/images/app-screen/screen7.jpg,1535450278,,404
af0c9e,127.0.0.1,GET,http://localhost/papsprojet/web/app_dev.php/images/app-screen/screen1.jpg,1535450278,6b4884,200
6b4884,127.0.0.1,GET,http://localhost/papsprojet/web/app_dev.php/images/app-screen/screen1.jpg,1535450278,,404
de3289,127.0.0.1,GET,http://localhost/papsprojet/web/app_dev.php/images/app-screen/screen2.jpg,1535450279,342621,200
342621,127.0.0.1,GET,http://localhost/papsprojet/web/app_dev.php/images/app-screen/screen2.jpg,1535450279,,404
8f942a,127.0.0.1,GET,http://localhost/papsprojet/web/app_dev.php/images/app-screen/screen4.jpg,1535450279,b6d9fa,200
b6d9fa,127.0.0.1,GET,http://localhost/papsprojet/web/app_dev.php/images/app-screen/screen4.jpg,1535450279,,404
c97e1a,127.0.0.1,GET,http://localhost/papsprojet/web/app_dev.php/accueil,1535450344,,200
e05f67,127.0.0.1,GET,http://localhost/papsprojet/web/app_dev.php/accueil,1535450703,,200
621d60,127.0.0.1,GET,http://localhost/papsprojet/web/app_dev.php/accueil,1535450736,,200
04ff51,127.0.0.1,GET,http://localhost/papsprojet/web/app_dev.php/accueil,1535451257,,200
7e6e4d,127.0.0.1,GET,http://localhost/papsprojet/web/app_dev.php/accueil,1535451667,,200
05f953,127.0.0.1,GET,http://localhost/papsprojet/web/app_dev.php/accueil,1535452618,,200
832bac,127.0.0.1,GET,http://localhost/papsprojet/web/app_dev.php/accueil,1535452700,,200
096984,127.0.0.1,GET,http://localhost/papsprojet/web/app_dev.php/accueil,1535453001,,200
652c06,127.0.0.1,GET,http://localhost/papsprojet/web/app_dev.php/accueil,1535453411,,200
65e68a,127.0.0.1,GET,http://localhost/papsprojet/web/app_dev.php/accueil,1535453591,,200
e37fea,127.0.0.1,GET,http://localhost/papsprojet/web/app_dev.php/contact,1535453602,,200
3c945f,127.0.0.1,GET,http://localhost/papsprojet/web/app_dev.php/accueil,1535453613,,200
7a09aa,127.0.0.1,GET,http://localhost/papsprojet/web/app_dev.php/accueil,1535453986,,200
c01a59,127.0.0.1,GET,http://localhost/papsprojet/web/app_dev.php/accueil,1535454555,,200
dad76e,127.0.0.1,GET,http://localhost/papsprojet/web/app_dev.php/accueil,1535454950,,200
dee1de,127.0.0.1,GET,http://localhost/papsprojet/web/app_dev.php/accueil,1535455102,,200
4779bb,127.0.0.1,GET,http://localhost/papsprojet/web/app_dev.php/accueil,1535456802,,200
0c8e53,127.0.0.1,GET,http://localhost/papsprojet/web/app_dev.php/accueil,1535457353,,200
577a4f,127.0.0.1,GET,http://localhost/papsprojet/web/app_dev.php/accueil,1535457816,,200
bbc2b7,127.0.0.1,GET,http://localhost/papsprojet/web/app_dev.php/accueil,1535457955,,200
6cee08,127.0.0.1,GET,http://localhost/papsprojet/web/app_dev.php/accueil,1535458990,,200
b114b7,127.0.0.1,GET,http://localhost/papsprojet/web/app_dev.php/accueil,1535459041,,200
3b02a8,127.0.0.1,GET,http://localhost/papsprojet/web/app_dev.php/accueil,1535459437,,200
b0cd59,127.0.0.1,GET,http://localhost/papsprojet/web/app_dev.php/accueil,1535459743,,200
5183ff,127.0.0.1,GET,http://localhost/papsprojet/web/app_dev.php/accueil,1535459769,,200
917c35,127.0.0.1,GET,http://localhost/papsprojet/web/app_dev.php/accueil,1535459784,,200
b80eac,127.0.0.1,GET,http://localhost/papsprojet/web/app_dev.php/accueil,1535459794,,200
6c5b75,127.0.0.1,GET,http://localhost/papsprojet/web/app_dev.php/accueil,1535459814,,200
0326f1,127.0.0.1,GET,http://localhost/papsprojet/web/app_dev.php/accueil,1535459849,,200
240889,127.0.0.1,GET,http://localhost/papsprojet/web/app_dev.php/accueil,1535460501,,200
c8446a,127.0.0.1,GET,http://localhost/papsprojet/web/app_dev.php/accueil,1535460734,,200
7ddf80,127.0.0.1,GET,http://localhost/papsprojet/web/app_dev.php/accueil,1535460863,,200
3ad555,127.0.0.1,GET,http://localhost/papsprojet/web/app_dev.php/accueil,1535461307,,200
27c7cc,127.0.0.1,GET,http://localhost/papsprojet/web/app_dev.php/accueil,1535461452,,200
7da838,127.0.0.1,GET,http://localhost/papsprojet/web/app_dev.php/accueil,1535461481,,200
2cb520,127.0.0.1,GET,http://localhost/papsprojet/web/app_dev.php/accueil,1535461719,,200
e47078,127.0.0.1,GET,http://localhost/papsprojet/web/app_dev.php/accueil,1535461764,,200
0c4520,127.0.0.1,GET,http://localhost/papsprojet/web/app_dev.php/accueil,1535461816,,200
9afd68,127.0.0.1,GET,http://localhost/papsprojet/web/app_dev.php/accueil,1535461857,,200
2fb322,127.0.0.1,GET,http://localhost/papsprojet/web/app_dev.php/accueil,1535462158,,200
744337,127.0.0.1,GET,http://localhost/papsprojet/web/app_dev.php/accueil,1535462843,,200
158e13,127.0.0.1,GET,http://localhost/papsprojet/web/app_dev.php/accueil,1535462919,,200
b3ecd8,127.0.0.1,GET,http://localhost/papsprojet/web/app_dev.php/accueil,1535463331,,200
b06629,127.0.0.1,GET,http://localhost/papsprojet/web/app_dev.php/accueil,1535463774,,200
e6cf99,127.0.0.1,GET,http://localhost/papsprojet/web/app_dev.php/accueil,1535463979,,200
38a651,127.0.0.1,GET,http://localhost/papsprojet/web/app_dev.php/accueil,1535464059,,200
b5189b,127.0.0.1,GET,http://localhost/papsprojet/web/app_dev.php/accueil,1535464076,,200
f7c87b,127.0.0.1,GET,http://localhost/papsprojet/web/app_dev.php/accueil,1535464646,,200
55c696,127.0.0.1,GET,http://localhost/papsprojet/web/app_dev.php/accueil,1535467166,,200
9af31e,127.0.0.1,GET,http://localhost/papsprojet/web/app_dev.php/accueil,1535467777,,200
0aa4f4,127.0.0.1,GET,http://localhost/papsprojet/web/app_dev.php/accueil,1535470044,,200
271997,127.0.0.1,GET,http://localhost/papsprojet/web/app_dev.php/accueil,1535470308,,200
ee060d,127.0.0.1,GET,http://localhost/papsprojet/web/app_dev.php/accueil,1535470335,,200
148056,127.0.0.1,GET,http://localhost/papsprojet/web/app_dev.php/accueil,1535470385,,200
07b870,127.0.0.1,GET,http://localhost/papsprojet/web/app_dev.php/accueil,1535470461,,200
35638d,127.0.0.1,GET,http://localhost/papsprojet/web/app_dev.php/accueil,1535470468,,200
cb5e56,127.0.0.1,GET,http://localhost/papsprojet/web/app_dev.php/service,1535470592,,200
bd6113,127.0.0.1,GET,http://localhost/papsprojet/web/app_dev.php/accueil,1535470603,,200
8fb29a,127.0.0.1,GET,http://localhost/papsprojet/web/app_dev.php/service,1535470619,,200
dc94b6,127.0.0.1,GET,http://localhost/papsprojet/web/app_dev.php/accueil,1535470694,,200
86d910,127.0.0.1,GET,http://localhost/papsprojet/web/app_dev.php/service,1535470876,,200
4cd141,127.0.0.1,GET,http://localhost/papsprojet/web/app_dev.php/accueil,1535470930,,200
25df5e,127.0.0.1,GET,http://localhost/papsprojet/web/app_dev.php/accueil,1535473217,,200
566d29,127.0.0.1,GET,http://localhost/papsprojet/web/app_dev.php/accueil,1535473327,,200
268f7b,127.0.0.1,GET,http://localhost/papsprojet/web/app_dev.php/accueil,1535473449,,200
1d9cfd,127.0.0.1,GET,http://localhost/papsprojet/web/app_dev.php/accueil,1535473464,,200
7860c2,127.0.0.1,GET,http://localhost/papsprojet/web/app_dev.php/accueil,1535473490,,200
4a19c8,127.0.0.1,GET,http://localhost/papsprojet/web/app_dev.php/accueil,1535473571,,200
bbbe36,127.0.0.1,GET,http://localhost/papsprojet/web/app_dev.php/accueil,1535473583,,200
8beb26,127.0.0.1,GET,http://localhost/papsprojet/web/app_dev.php/accueil,1535477653,,200
023d77,127.0.0.1,GET,http://localhost/papsprojet/web/app_dev.php/accueil,1535477681,,200
08a473,127.0.0.1,GET,http://localhost/papsprojet/web/app_dev.php/accueil,1535477725,,200
d81d80,127.0.0.1,GET,http://localhost/papsprojet/web/app_dev.php/accueil,1535477840,,200
b1cd6e,127.0.0.1,GET,http://localhost/papsprojet/web/app_dev.php/accueil,1535477982,,200
ec3a43,127.0.0.1,GET,http://localhost/papsprojet/web/app_dev.php/accueil,1535478354,,200
62e93f,127.0.0.1,GET,http://localhost/papsprojet/web/app_dev.php/accueil,1535478484,,200
6bd003,127.0.0.1,GET,http://localhost/papsprojet/web/app_dev.php/accueil,1535478550,,200
09e073,127.0.0.1,GET,http://localhost/papsprojet/web/app_dev.php/accueil,1535478612,,200
c8b06f,127.0.0.1,GET,http://localhost/papsprojet/web/app_dev.php/accueil,1535479345,,200
a0ad4a,127.0.0.1,GET,http://localhost/papsprojet/web/app_dev.php/accueil,1535479435,,200
514079,127.0.0.1,GET,http://localhost/papsprojet/web/app_dev.php/accueil,1535479518,,200
051b00,127.0.0.1,POST,http://localhost/papsprojet/web/app_dev.php/accueil,1535479631,,200
c1ea6a,127.0.0.1,GET,http://localhost/papsprojet/web/app_dev.php/accueil,1535479647,,200
f624a8,127.0.0.1,GET,http://localhost/papsprojet/web/app_dev.php/accueil,1535479992,,200
adac2b,127.0.0.1,GET,http://localhost/papsprojet/web/app_dev.php/accueil,1535480107,,200
a9d67f,127.0.0.1,GET,http://localhost/papsprojet/web/app_dev.php/accueil,1535480249,,200
9a91bc,127.0.0.1,GET,http://localhost/papsprojet/web/app_dev.php/accueil,1535480261,,200
49787d,127.0.0.1,GET,http://localhost/papsprojet/web/app_dev.php/accueil,1535480386,,200
8187ae,127.0.0.1,GET,http://localhost/papsprojet/web/app_dev.php/accueil,1535480853,,200
1e368c,127.0.0.1,GET,http://localhost/papsprojet/web/app_dev.php/accueil,1535480967,,200
4c2123,127.0.0.1,GET,http://localhost/papsprojet/web/app_dev.php/accueil,1535480992,,200
0960a3,127.0.0.1,GET,http://localhost/papsprojet/web/app_dev.php/service,1535483717,,200
e4246e,127.0.0.1,GET,http://localhost/papsprojet/web/app_dev.php/inscoursier,1535483719,,200
09a8b2,127.0.0.1,GET,http://localhost/papsprojet/web/app_dev.php/accueil,1535484008,,200
f7ca1b,127.0.0.1,GET,http://localhost/papsprojet/web/app_dev.php/accueil,1535484968,,200
53b2e1,127.0.0.1,GET,http://localhost/papsprojet/web/app_dev.php/accueil,1535485001,,200
e594b1,127.0.0.1,GET,http://localhost/papsprojet/web/app_dev.php/accueil,1535485030,,200
e0cfa4,127.0.0.1,GET,http://localhost/papsprojet/web/app_dev.php/accueil,1535485043,,200
d4b32e,127.0.0.1,GET,http://localhost/papsprojet/web/app_dev.php/accueil,1535485060,,200
c0518b,127.0.0.1,GET,http://localhost/papsprojet/web/app_dev.php/accueil,1535486260,,200
dc92c2,127.0.0.1,GET,http://localhost/papsprojet/web/app_dev.php/accueil,1535486292,,200
885e54,127.0.0.1,GET,http://localhost/papsprojet/web/app_dev.php/accueil,1535486369,,200
ea8f2e,127.0.0.1,GET,http://localhost/papsprojet/web/app_dev.php/accueil,1535486445,,200
6467ea,127.0.0.1,GET,http://localhost/papsprojet/web/app_dev.php/accueil,1535487985,,200
3bf1a2,127.0.0.1,GET,http://localhost/papsprojet/web/app_dev.php/accueil,1535488017,,200
a9a38a,127.0.0.1,GET,http://localhost/papsprojet/web/app_dev.php/accueil,1535488113,,200
1f1de6,127.0.0.1,GET,http://localhost/papsprojet/web/app_dev.php/accueil,1535488139,,200
3165c4,127.0.0.1,GET,http://localhost/papsprojet/web/app_dev.php/accueil,1535488205,,200
686ba2,127.0.0.1,GET,http://localhost/papsprojet/web/app_dev.php/accueil,1535488627,,200
8504a6,127.0.0.1,GET,http://localhost/papsprojet/web/app_dev.php/accueil,1535488711,,200
d627ec,127.0.0.1,GET,http://localhost/papsprojet/web/app_dev.php/accueil,1535488934,,200
4ac346,127.0.0.1,GET,http://localhost/papsprojet/web/app_dev.php/accueil,1535488980,,200
bf4e44,127.0.0.1,GET,http://localhost/papsprojet/web/app_dev.php/accueil,1535488996,,200
a3301b,127.0.0.1,GET,http://localhost/papsprojet/web/app_dev.php/accueil,1535489125,,200
3b346b,127.0.0.1,GET,http://localhost/papsprojet/web/app_dev.php/accueil,1535531981,,200
1a63c3,127.0.0.1,GET,http://localhost/papsprojet/web/app_dev.php/accueil,1535532026,,200
56a204,127.0.0.1,GET,http://localhost/papsprojet/web/app_dev.php/accueil,1535539655,,200
e5eec8,127.0.0.1,GET,http://localhost/papsprojet/web/app_dev.php/accueil,1535539676,,200
fe8159,127.0.0.1,GET,http://localhost/papsprojet/web/app_dev.php/accueil,1535539708,,200
d3097c,127.0.0.1,GET,http://localhost/papsprojet/web/app_dev.php/accueil,1535539732,,200
f66518,127.0.0.1,GET,http://localhost/papsprojet/web/app_dev.php/accueil,1535539744,,200
92c62a,127.0.0.1,GET,http://localhost/papsprojet/web/app_dev.php/accueil,1535539784,,200
55c6be,127.0.0.1,GET,http://localhost/papsprojet/web/app_dev.php/accueil,1535540030,,200
ea7ad7,127.0.0.1,GET,http://localhost/papsprojet/web/app_dev.php/accueil,1535540054,,200
eefe6a,127.0.0.1,GET,http://localhost/papsprojet/web/app_dev.php/accueil,1535540111,,200
86d66e,127.0.0.1,GET,http://localhost/papsprojet/web/app_dev.php/accueil,1535540495,,200
7891b0,127.0.0.1,GET,http://localhost/papsprojet/web/app_dev.php/accueil,1535540614,,200
b573d9,127.0.0.1,GET,http://localhost/papsprojet/web/app_dev.php/accueil,1535541055,,200
8c2b1c,127.0.0.1,GET,http://localhost/papsprojet/web/app_dev.php/accueil,1535541100,,200
91f958,127.0.0.1,GET,http://localhost/papsprojet/web/app_dev.php/accueil,1535541132,,200
c68566,127.0.0.1,GET,http://localhost/papsprojet/web/app_dev.php/accueil,1535541145,,200
5443f1,127.0.0.1,GET,http://localhost/papsprojet/web/app_dev.php/accueil,1535541209,,200
71f9fd,127.0.0.1,GET,http://localhost/papsprojet/web/app_dev.php/accueil,1535541254,,200
f10270,127.0.0.1,GET,http://localhost/papsprojet/web/app_dev.php/accueil,1535541345,,200
a9afd0,127.0.0.1,GET,http://localhost/papsprojet/web/app_dev.php/accueil,1535541488,,200
ae75ef,127.0.0.1,GET,http://localhost/papsprojet/web/app_dev.php/accueil,1535541522,,200
ab7097,127.0.0.1,GET,http://localhost/papsprojet/web/app_dev.php/accueil,1535541550,,200
77a7ea,127.0.0.1,GET,http://localhost/papsprojet/web/app_dev.php/accueil,1535541565,,200
24c97d,127.0.0.1,GET,http://localhost/papsprojet/web/app_dev.php/accueil,1535541726,,200
bb66b2,127.0.0.1,GET,http://localhost/papsprojet/web/app_dev.php/accueil,1535541845,,200
b24517,127.0.0.1,GET,http://localhost/papsprojet/web/app_dev.php/accueil,1535541900,,200
19d902,127.0.0.1,GET,http://localhost/papsprojet/web/app_dev.php/accueil,1535542070,,200
eee9a3,127.0.0.1,GET,http://localhost/papsprojet/web/app_dev.php/accueil,1535542170,,200
97a647,127.0.0.1,GET,http://localhost/papsprojet/web/app_dev.php/accueil,1535542204,,200
4c7ae6,127.0.0.1,GET,http://localhost/papsprojet/web/app_dev.php/accueil,1535542219,,200
68ee24,127.0.0.1,GET,http://localhost/papsprojet/web/app_dev.php/accueil,1535542240,,200
0a0734,127.0.0.1,GET,http://localhost/papsprojet/web/app_dev.php/accueil,1535542279,,200
b92cef,127.0.0.1,GET,http://localhost/papsprojet/web/app_dev.php/accueil,1535542352,,200
1ae417,127.0.0.1,GET,http://localhost/papsprojet/web/app_dev.php/accueil,1535542376,,200
709d18,127.0.0.1,GET,http://localhost/papsprojet/web/app_dev.php/accueil,1535542400,,200
802e75,127.0.0.1,GET,http://localhost/papsprojet/web/app_dev.php/accueil,1535542416,,200
9fb346,127.0.0.1,GET,http://localhost/papsprojet/web/app_dev.php/accueil,1535542566,,200
47110d,127.0.0.1,GET,http://localhost/papsprojet/web/app_dev.php/accueil,1535542590,,200
9e9719,127.0.0.1,GET,http://localhost/papsprojet/web/app_dev.php/accueil,1535542611,,200
03d04b,127.0.0.1,GET,http://localhost/papsprojet/web/app_dev.php/accueil,1535542680,,200
56072b,127.0.0.1,GET,http://localhost/papsprojet/web/app_dev.php/accueil,1535542737,,200
4f02a7,127.0.0.1,GET,http://localhost/papsprojet/web/app_dev.php/accueil,1535542866,,200
c10911,127.0.0.1,GET,http://localhost/papsprojet/web/app_dev.php/accueil,1535543268,,200
a7dcc3,127.0.0.1,GET,http://localhost/papsprojet/web/app_dev.php/accueil,1535543309,,200
743a17,127.0.0.1,GET,http://localhost/papsprojet/web/app_dev.php/accueil,1535543327,,200
6f6321,127.0.0.1,GET,http://localhost/papsprojet/web/app_dev.php/accueil,1535546283,,200
b7c4f2,127.0.0.1,GET,http://localhost/papsprojet/web/app_dev.php/accueil,1535546852,,200
93088a,127.0.0.1,GET,http://localhost/papsprojet/web/app_dev.php/accueil,1535550694,,200
02036a,127.0.0.1,GET,http://localhost/papsprojet/web/app_dev.php/accueil,1535557549,,200
36774e,127.0.0.1,GET,http://localhost/papsprojet/web/app_dev.php/accueil,1535558740,,200
1beafb,127.0.0.1,GET,http://localhost/papsprojet/web/app_dev.php/accueil,1535558968,,200
3a83dc,127.0.0.1,GET,http://localhost/papsprojet/web/app_dev.php/accueil,1535559239,,200
506b96,127.0.0.1,GET,http://localhost/papsprojet/web/app_dev.php/accueil,1535559267,,200
58db78,127.0.0.1,GET,http://localhost/papsprojet/web/app_dev.php/accueil,1535559289,,200
cb8cbe,127.0.0.1,GET,http://localhost/papsprojet/web/app_dev.php/accueil,1535559547,,200
c37dbb,127.0.0.1,GET,http://localhost/papsprojet/web/app_dev.php/accueil,1535559859,,200
a5fa6e,127.0.0.1,GET,http://localhost/papsprojet/web/app_dev.php/accueil,1535560436,,200
5134bd,127.0.0.1,GET,http://localhost/papsprojet/web/app_dev.php/accueil,1535560492,,200
839b8a,127.0.0.1,GET,http://localhost/papsprojet/web/app_dev.php/accueil,1535560808,,200
fb60b7,127.0.0.1,GET,http://localhost/papsprojet/web/app_dev.php/accueil,1535561404,,200
ff4e22,127.0.0.1,GET,http://localhost/papsprojet/web/app_dev.php/accueil,1535561536,,200
8039ba,127.0.0.1,GET,http://localhost/papsprojet/web/app_dev.php/accueil,1535561623,,200
a3cc9c,127.0.0.1,GET,http://localhost/papsprojet/web/app_dev.php/accueil,1535561668,,200
271e2a,127.0.0.1,GET,http://localhost/papsprojet/web/app_dev.php/service,1535571077,,200
50fe95,127.0.0.1,GET,http://localhost/papsprojet/web/app_dev.php/inscoursier,1535571092,,200
4ecc33,127.0.0.1,GET,http://localhost/papsprojet/web/app_dev.php/about,1535571105,,200
894cca,127.0.0.1,GET,http://localhost/papsprojet/web/app_dev.php/about,1535571285,,200
579177,127.0.0.1,GET,http://localhost/papsprojet/web/app_dev.php/about,1535571300,,200
b50ae4,127.0.0.1,GET,http://localhost/papsprojet/web/app_dev.php/inscoursier,1535571305,,200
a1ad78,127.0.0.1,GET,http://localhost/papsprojet/web/app_dev.php/contact,1535571313,,200
228eb6,127.0.0.1,GET,http://localhost/papsprojet/web/app_dev.php/about,1535571321,,200
6b4c01,127.0.0.1,GET,http://localhost/papsprojet/web/app_dev.php/contact,1535575902,,200
139a41,127.0.0.1,GET,http://localhost/papsprojet/web/app_dev.php/accueil,1535575902,,200
819cbf,127.0.0.1,GET,http://localhost/papsprojet/web/app_dev.php/accueil,1535575902,,200
6910b9,127.0.0.1,GET,http://localhost/papsprojet/web/app_dev.php/accueil,1535576062,,200
fd81fa,127.0.0.1,GET,http://localhost/papsprojet/web/app_dev.php/accueil,1535576075,,200
8728a5,127.0.0.1,GET,http://localhost/papsprojet/web/app_dev.php/accueil,1535576214,,200
e73f19,127.0.0.1,GET,http://localhost/papsprojet/web/app_dev.php/accueil,1535576234,,200
c489c5,127.0.0.1,GET,http://localhost/papsprojet/web/app_dev.php/accueil,1535576323,,200
9b3dc4,127.0.0.1,GET,http://localhost/papsprojet/web/app_dev.php/accueil,1535578136,,200
bf7e0f,127.0.0.1,GET,http://localhost/papsprojet/web/app_dev.php/about,1535578216,,200
55fcea,127.0.0.1,GET,http://localhost/papsprojet/web/app_dev.php/about,1535617824,,200
294dbc,127.0.0.1,GET,http://localhost/papsprojet/web/app_dev.php/about,1535617827,,200
540075,127.0.0.1,GET,http://localhost/papsprojet/web/app_dev.php/about,1535617924,,200
01eeb1,127.0.0.1,GET,http://localhost/papsprojet/web/app_dev.php/about,1535618575,,200
168d2a,127.0.0.1,GET,http://localhost/papsprojet/web/app_dev.php/images/staff_1.jpg,1535618576,07466d,200
5a18d6,127.0.0.1,GET,http://localhost/papsprojet/web/app_dev.php/images/staff_2.jpg,1535618576,b14a7e,200
b14a7e,127.0.0.1,GET,http://localhost/papsprojet/web/app_dev.php/images/staff_2.jpg,1535618576,,404
673e35,127.0.0.1,GET,http://localhost/papsprojet/web/app_dev.php/images/staff_3.jpg,1535618576,9f6245,200
07466d,127.0.0.1,GET,http://localhost/papsprojet/web/app_dev.php/images/staff_1.jpg,1535618576,,404
9f6245,127.0.0.1,GET,http://localhost/papsprojet/web/app_dev.php/images/staff_3.jpg,1535618576,,404
956d4a,127.0.0.1,GET,http://localhost/papsprojet/web/app_dev.php/about,1535619292,,200
93ad7e,127.0.0.1,GET,http://localhost/papsprojet/web/app_dev.php/about,1535619598,,200
589520,127.0.0.1,GET,http://localhost/papsprojet/web/app_dev.php/accueil,1535620038,,200
f8c9cd,127.0.0.1,GET,http://localhost/papsprojet/web/app_dev.php/accueil,1535622037,,200
9fff33,127.0.0.1,GET,http://localhost/papsprojet/web/app_dev.php/accueil,1535622048,,200
1ca497,127.0.0.1,GET,http://localhost/papsprojet/web/app_dev.php/service,1535622075,,200
65e519,127.0.0.1,GET,http://localhost/papsprojet/web/app_dev.php/inscoursier,1535622097,,200
e0c072,127.0.0.1,GET,http://localhost/papsprojet/web/app_dev.php/about,1535622108,,200
a47dc2,127.0.0.1,GET,http://localhost/papsprojet/web/app_dev.php/about,1535622246,,200
f90fe0,127.0.0.1,GET,http://localhost/papsprojet/web/app_dev.php/inscoursier,1535622253,,200
7b0f7a,127.0.0.1,GET,http://localhost/papsprojet/web/app_dev.php/service,1535622258,,200
6c880a,127.0.0.1,GET,http://localhost/papsprojet/web/app_dev.php/inscoursier,1535622414,,200
0b9c24,127.0.0.1,GET,http://localhost/papsprojet/web/app_dev.php/accueil,1535642506,,200
1ca05d,127.0.0.1,GET,http://localhost/papsprojet/web/app_dev.php/accueil,1535643552,,200
414402,127.0.0.1,GET,http://localhost/papsprojet/web/app_dev.php/accueil,1535705538,,200
bc8e6c,127.0.0.1,GET,http://localhost/papsprojet/web/app_dev.php/accueil,1535705583,,200
91d4ff,127.0.0.1,GET,http://localhost/papsprojet/web/app_dev.php/accueil,1535705646,,200
59fbc7,127.0.0.1,GET,http://localhost/papsprojet/web/app_dev.php/accueil,1535705780,,200
65d9db,127.0.0.1,GET,http://localhost/papsprojet/web/app_dev.php/accueil,1535705813,,200
d6bdd5,127.0.0.1,GET,http://localhost/papsprojet/web/app_dev.php/accueil,1535705911,,200
52911d,127.0.0.1,GET,http://localhost/papsprojet/web/app_dev.php/accueil,1535705922,,200
f095b2,127.0.0.1,GET,http://localhost/papsprojet/web/app_dev.php/accueil,1535705935,,200
0448ff,127.0.0.1,GET,http://localhost/papsprojet/web/app_dev.php/accueil,1535706069,,200
2ef7dd,127.0.0.1,GET,http://localhost/papsprojet/web/app_dev.php/accueil,1535707142,,200
7b87f6,127.0.0.1,GET,http://localhost/papsprojet/web/app_dev.php/accueil,1535707251,,200
6dd029,127.0.0.1,GET,http://localhost/papsprojet/web/app_dev.php/accueil,1535707316,,200
90f69a,127.0.0.1,GET,http://localhost/papsprojet/web/app_dev.php/accueil,1535707347,,200
62fa74,127.0.0.1,GET,http://localhost/papsprojet/web/app_dev.php/accueil,1535707367,,200
b7bd3e,127.0.0.1,GET,http://localhost/papsprojet/web/app_dev.php/accueil,1535707397,,200
513b63,127.0.0.1,GET,http://localhost/papsprojet/web/app_dev.php/accueil,1535707423,,200
1f663d,127.0.0.1,GET,http://localhost/papsprojet/web/app_dev.php/accueil,1535707651,,200
ff118d,127.0.0.1,GET,http://localhost/papsprojet/web/app_dev.php/accueil,1535707767,,200
17064a,127.0.0.1,GET,http://localhost/papsprojet/web/app_dev.php/accueil,1535707870,,200
06cb58,127.0.0.1,GET,http://127.0.0.1:8000/css/line-icon.css,1535708175,515b46,200
02f40e,127.0.0.1,GET,http://127.0.0.1:8000/accueil,1535708257,,200
bd14f9,127.0.0.1,GET,http://127.0.0.1:8000/css/owl.carousel.css,1535708257,e37779,200
e37779,127.0.0.1,GET,http://127.0.0.1:8000/css/owl.carousel.css,1535708257,,404
7c8a5c,127.0.0.1,GET,http://127.0.0.1:8000/css/animate.min.css,1535708257,9a33f6,200
9a33f6,127.0.0.1,GET,http://127.0.0.1:8000/css/animate.min.css,1535708257,,404
4e338e,127.0.0.1,GET,http://127.0.0.1:8000/css/line-icon.css,1535708257,de25f4,200
de25f4,127.0.0.1,GET,http://127.0.0.1:8000/css/line-icon.css,1535708257,,404
49661f,127.0.0.1,GET,http://127.0.0.1:8000/css/device-mockups.min.css,1535708257,5f893d,200
5f893d,127.0.0.1,GET,http://127.0.0.1:8000/css/device-mockups.min.css,1535708257,,404
d7891e,127.0.0.1,GET,http://127.0.0.1:8000/images/loader.gif,1535708257,5fea43,200
5fea43,127.0.0.1,GET,http://127.0.0.1:8000/images/loader.gif,1535708257,,404
2a3d19,127.0.0.1,GET,http://localhost/papsprojet/web/app_dev.php/accueil,1535709493,,200
1cdb60,127.0.0.1,GET,http://localhost/papsprojet/web/app_dev.php/accueil,1535710811,,200
a7dbac,127.0.0.1,GET,http://localhost/papsprojet/web/app_dev.php/accueil,1535710814,,200
1ca7a8,127.0.0.1,GET,http://localhost/papsprojet/web/app_dev.php/accueil,1535710933,,200
dbdd1b,127.0.0.1,GET,http://localhost/papsprojet/web/app_dev.php/about,1535714399,,200
3e088b,127.0.0.1,GET,http://localhost/papsprojet/web/app_dev.php/inscoursier,1535714529,,200
333b61,127.0.0.1,GET,http://localhost/papsprojet/web/app_dev.php/inscoursier,1535715742,,200
b3fcba,127.0.0.1,GET,http://localhost/papsprojet/web/app_dev.php/inscoursier,1535716058,,200
4384f6,127.0.0.1,GET,http://localhost/papsprojet/web/app_dev.php/inscoursier,1535716120,,200
079c03,127.0.0.1,GET,http://localhost/papsprojet/web/app_dev.php/inscoursier,1535716161,,200
cde198,127.0.0.1,GET,http://localhost/papsprojet/web/app_dev.php/inscoursier,1535716211,,200
d3ede6,127.0.0.1,GET,http://localhost/papsprojet/web/app_dev.php/service,1535716247,,200
fdb9c5,127.0.0.1,GET,http://localhost/papsprojet/web/app_dev.php/service,1535716918,,200
e0b70c,127.0.0.1,GET,http://localhost/papsprojet/web/app_dev.php/about,1535716985,,200
db7838,127.0.0.1,GET,http://localhost/papsprojet/web/app_dev.php/about,1535717437,,200
072a12,127.0.0.1,GET,http://localhost/papsprojet/web/app_dev.php/contact,1535717440,,200
13e149,127.0.0.1,GET,http://localhost/papsprojet/web/app_dev.php/accueil,1535717825,,200
570fe7,127.0.0.1,GET,http://localhost/papsprojet/web/app_dev.php/accueil,1535718302,,200
f87ab2,127.0.0.1,GET,http://localhost/papsprojet/web/app_dev.php/accueil,1535718434,,200
14d5c9,127.0.0.1,GET,http://localhost/papsprojet/web/app_dev.php/contact,1535718555,,200
46c9fb,127.0.0.1,GET,http://localhost/papsprojet/web/app_dev.php/about,1535718558,,200
d8f977,127.0.0.1,GET,http://localhost/papsprojet/web/app_dev.php/inscoursier,1535718586,,200
ebdd1a,127.0.0.1,GET,http://localhost/papsprojet/web/app_dev.php/inscoursier,1535718627,,200
811aa3,127.0.0.1,GET,http://localhost/papsprojet/web/app_dev.php/contact,1535718748,,200
fc4df2,127.0.0.1,GET,http://localhost/papsprojet/web/app_dev.php/service,1535718770,,200
0f47dd,127.0.0.1,GET,http://localhost/papsprojet/web/app_dev.php/service,1535719126,,200
9a6fd2,127.0.0.1,GET,http://localhost/papsprojet/web/app_dev.php/contact,1535719170,,200
c04dd2,127.0.0.1,GET,http://localhost/papsprojet/web/app_dev.php/service,1535719179,,200
e624a4,127.0.0.1,GET,http://localhost/papsprojet/web/app_dev.php/accueil,1535719449,,200
82cc50,127.0.0.1,GET,http://localhost/papsprojet/web/app_dev.php/about,1535719488,,200
5b752d,127.0.0.1,GET,http://localhost/papsprojet/web/app_dev.php/accueil,1535719498,,200
e3b33b,127.0.0.1,GET,http://localhost/papsprojet/web/app_dev.php/service,1535719871,,200
78b9b0,127.0.0.1,GET,http://localhost/papsprojet/web/app_dev.php/inscoursier,1535719897,,200
f02139,127.0.0.1,GET,http://localhost/papsprojet/web/app_dev.php/about,1535720165,,200
b3be10,127.0.0.1,GET,http://localhost/papsprojet/web/app_dev.php/contact,1535720272,,200
bd1346,127.0.0.1,GET,http://localhost/papsprojet/web/app_dev.php/contact,1535720379,,200
eb4b53,127.0.0.1,GET,http://127.0.0.1:8000/papser,1535731183,6ea671,200
6ea671,127.0.0.1,GET,http://127.0.0.1:8000/papser,1535731183,,404
ea943d,127.0.0.1,GET,http://localhost/papsprojet/web/app_dev.php/accueil,1535731853,,200
72a5e0,127.0.0.1,GET,http://localhost/papsprojet/web/app_dev.php/contact,1535734380,,200
f9c799,127.0.0.1,GET,http://localhost/papsprojet/web/app_dev.php/about,1535734386,,200
bd827a,127.0.0.1,GET,http://localhost/papsprojet/web/app_dev.php/accueil,1535736435,,200
82c3a6,127.0.0.1,GET,http://localhost/papsprojet/web/app_dev.php/accueil,1535736673,,200
b27de4,127.0.0.1,GET,http://localhost/papsprojet/web/app_dev.php/accueil,1535736686,,200
f20980,127.0.0.1,GET,http://localhost/papsprojet/web/app_dev.php/accueil,1535737995,,200
110ad3,127.0.0.1,GET,http://localhost/papsprojet/web/app_dev.php/accueil,1535738041,,200
c5cb69,127.0.0.1,GET,http://localhost/papsprojet/web/app_dev.php/accueil,1535739047,,200
6819f2,127.0.0.1,GET,http://localhost/papsprojet/web/app_dev.php/accueil,1535739063,,200
136e56,127.0.0.1,GET,http://localhost/papsprojet/web/app_dev.php/accueil,1535739617,,200
32ca1f,127.0.0.1,GET,http://localhost/papsprojet/web/app_dev.php/accueil,1535739731,,200
dcf07d,127.0.0.1,GET,http://localhost/papsprojet/web/app_dev.php/about,1535739869,,200
779034,127.0.0.1,GET,http://localhost/papsprojet/web/app_dev.php/accueil,1535740026,,200
f902af,127.0.0.1,GET,http://localhost/papsprojet/web/app_dev.php/accueil,1535740099,,200
8a674a,127.0.0.1,GET,http://localhost/papsprojet/web/app_dev.php/accueil,1535740645,,200
129131,127.0.0.1,GET,http://localhost/papsprojet/web/app_dev.php/accueil,1535740766,,200
ee20ee,127.0.0.1,GET,http://localhost/papsprojet/web/app_dev.php/index,1535741241,9595dd,200
9595dd,127.0.0.1,GET,http://localhost/papsprojet/web/app_dev.php/index,1535741241,,500
2f7566,127.0.0.1,GET,http://localhost/papsprojet/web/app_dev.php/index,1535741249,a02100,200
a02100,127.0.0.1,GET,http://localhost/papsprojet/web/app_dev.php/index,1535741249,,500
b6eb30,127.0.0.1,GET,http://localhost/papsprojet/web/app_dev.php/index,1535741300,486c91,200
486c91,127.0.0.1,GET,http://localhost/papsprojet/web/app_dev.php/index,1535741300,,500
717c67,127.0.0.1,GET,http://localhost/papsprojet/web/app_dev.php/index,1535741305,20429f,200
20429f,127.0.0.1,GET,http://localhost/papsprojet/web/app_dev.php/index,1535741305,,500
f1a3e7,127.0.0.1,GET,http://localhost/papsprojet/web/app_dev.php/index,1535741365,,200
1b0794,127.0.0.1,GET,http://localhost/papsprojet/web/app_dev.php/,1535741400,a8bdd9,200
a8bdd9,127.0.0.1,GET,http://localhost/papsprojet/web/app_dev.php/,1535741400,,500
6cf624,127.0.0.1,GET,http://localhost/papsprojet/web/app_dev.php/,1535741718,,200
0072e5,127.0.0.1,GET,http://localhost/papsprojet/web/app_dev.php/,1535741730,,200
c892da,127.0.0.1,GET,http://localhost/papsprojet/web/app_dev.php/,1535741762,,200
ef74b8,127.0.0.1,GET,http://localhost/papsprojet/web/app_dev.php/,1535741764,,200
166485,127.0.0.1,GET,http://localhost/papsprojet/web/app_dev.php/,1535741766,,200
4fa7bd,127.0.0.1,GET,http://localhost/papsprojet/web/app_dev.php/,1535741855,,200
78f92e,127.0.0.1,GET,http://localhost/papsprojet/web/app_dev.php/,1535741879,,200
27b742,127.0.0.1,GET,http://localhost/papsprojet/web/app_dev.php/,1535741888,,200
799c5b,127.0.0.1,GET,http://localhost/papsprojet/web/app_dev.php/accueil,1535742067,0c5337,200
0c5337,127.0.0.1,GET,http://localhost/papsprojet/web/app_dev.php/accueil,1535742067,,404
a6dc7c,127.0.0.1,GET,http://localhost/papsprojet/web/app_dev.php/index,1535742072,,200
b41e7a,127.0.0.1,GET,http://localhost/papsprojet/web/app_dev.php/,1535742080,54d90d,200
54d90d,127.0.0.1,GET,http://localhost/papsprojet/web/app_dev.php/,1535742080,,500
2e4ba2,127.0.0.1,GET,http://localhost/papsprojet/web/app_dev.php/,1535742326,,200
b52b41,127.0.0.1,GET,http://localhost/papsprojet/web/app_dev.php/index,1535742335,,200
c33180,127.0.0.1,GET,http://localhost/papsprojet/web/app_dev.php/,1535742340,,200
634c11,127.0.0.1,GET,http://localhost/papsprojet/web/app_dev.php/service,1535743086,,200
